plantID,survey_date,block,row,col,pop,mf,rep,height_cm,herbivory
D13A,2023-01-27,D1,3,A,WL2,4,11,1.3,NA
D14B,2023-01-27,D1,4,B,CC,5,12,3.7,NA
D15A,2023-01-27,D1,5,A,FR,3,6,4.1,NA
D15B,2023-01-27,D1,5,B,BH,5,24,3.9,NA
D16A,2023-01-27,D1,6,A,IH,6,12,3.5,NA
D16B,2023-01-27,D1,6,B,CC,3,10,2.3,NA
D17A,2023-01-27,D1,7,A,WL2,1,9,1.7,NA
D17B,2023-01-27,D1,7,B,CP2,8,4,0.5,Y
D18A,2023-01-27,D1,8,A,LV3,7,12,1.2,NA
D18B,2023-01-27,D1,8,B,BH,6,7,2.2,NA
D19A,2023-01-27,D1,9,A,SC,4,8,3.4,NA
D19B,2023-01-27,D1,9,B,LVTR1,2,5,1.2,NA
D110A,2023-01-27,D1,10,A,SQ3,4,4,0.3,NA
D110B,2023-01-27,D1,10,B,TM2,2,4,4.8,NA
D111A,2023-01-27,D1,11,A,WL1,4,10,2.1,NA
D111B,2023-01-27,D1,11,B,BH,7,4,3.7,Y
D112A,2023-01-27,D1,12,A,CC,7,4,4.1,NA
D112B,2023-01-27,D1,12,B,TM2,5,9,6.1,NA
D113A,2023-01-27,D1,13,A,CP2,5,8,1,NA
D113B,2023-01-27,D1,13,B,WL1,1,3,2.2,NA
D114A,2023-01-27,D1,14,A,WL1,3,6,2.7,NA
D114B,2023-01-27,D1,14,B,YO7,4,7,1,NA
D115A,2023-01-27,D1,15,A,IH,4,18,3,NA
D115B,2023-01-27,D1,15,B,WL1,2,14,2,NA
D116B,2023-01-27,D1,16,B,TM2,5,3,7,NA
D117A,2023-01-27,D1,17,A,DPR,6,4,4.1,NA
D117B,2023-01-27,D1,17,B,WL1,7,15,2.8,NA
D118A,2023-01-27,D1,18,A,SC,6,10,3.5,NA
D118B,2023-01-27,D1,18,B,IH,4,10,5.5,NA
D119A,2023-01-27,D1,19,A,SQ2,6,2,0.2,NA
D119B,2023-01-27,D1,19,B,BH,2,8,3.7,NA
D120A,2023-01-27,D1,20,A,BH,4,2,3.3,NA
D120B,2023-01-27,D1,20,B,WL2,5,6,2.5,NA
D121A,2023-01-27,D1,21,A,SQ2,5,3,0.7,NA
D121B,2023-01-27,D1,21,B,LV3,6,3,6.6,NA
D222B,2023-01-27,D2,22,B,SQ1,4,4,2.3,Y
D223B,2023-01-27,D2,23,B,CP2,10,3,2.3,NA
D224A,2023-01-27,D2,24,A,LVTR1,7,6,0.3,Y
D224B,2023-01-27,D2,24,B,IH,6,6,3.9,NA
D225A,2023-01-27,D2,25,A,DPR,2,7,8.5,Y
D225B,2023-01-27,D2,25,B,CP2,2,1,1,NA
D226A,2023-01-27,D2,26,A,TM2,1,2,3.3,NA
D226B,2023-01-27,D2,26,B,BH,5,15,2.7,NA
D227B,2023-01-27,D2,27,B,DPR,4,9,7,Y
D228B,2023-01-27,D2,28,B,CC,2,13,4.1,Y
D229A,2023-01-27,D2,29,A,IH,7,3,4.1,NA
D229B,2023-01-27,D2,29,B,YO11,7,2,1,NA
D230A,2023-01-27,D2,30,A,WL1,7,26,2.5,NA
D230B,2023-01-27,D2,30,B,BH,4,3,3,NA
D231B,2023-01-27,D2,31,B,TM2,4,11,5.5,NA
D232A,2023-01-27,D2,32,A,LV3,2,3,4,NA
D232B,2023-01-27,D2,32,B,IH,4,19,3.5,NA
D233B,2023-01-27,D2,33,B,BH,6,8,2.2,NA
D234A,2023-01-27,D2,34,A,LV3,1,7,1.7,NA
D234B,2023-01-27,D2,34,B,WL1,1,21,2.3,NA
D235A,2023-01-27,D2,35,A,CC,1,11,5.4,NA
D235B,2023-01-27,D2,35,B,BH,5,25,2.6,NA
D236B,2023-01-27,D2,36,B,WL1,2,15,2.1,NA
D237A,2023-01-27,D2,37,A,WL1,1,4,1.7,NA
D237B,2023-01-27,D2,37,B,TM2,6,5,9.5,Y
D238A,2023-01-27,D2,38,A,YO4,4,5,2,NA
D238B,2023-01-27,D2,38,B,WL1,4,1,2.8,NA
D239A,2023-01-27,D2,39,A,CC,5,7,3.6,Y
D239B,2023-01-27,D2,39,B,CC,4,5,5.1,Y
D240A,2023-01-27,D2,40,A,FR,6,5,4,NA
D240B,2023-01-27,D2,40,B,WR,3,7,4.1,NA
D241A,2023-01-27,D2,41,A,WL2,4,12,2.2,NA
D241B,2023-01-27,D2,41,B,IH,7,13,3,Y
D13C,2023-01-27,D1,3,C,LV3,1,6,1.2,NA
D13D,2023-01-27,D1,3,D,IH,2,13,2.9,NA
D14C,2023-01-27,D1,4,C,CC,4,9,0.9,NA
D14D,2023-01-27,D1,4,D,YO7,8,1,0.6,NA
D15C,2023-01-27,D1,5,C,WV,4,10,3.9,NA
D15D,2023-01-27,D1,5,D,FR,1,12,3.8,NA
D16C,2023-01-27,D1,6,C,BH,4,12,3.1,NA
D17C,2023-01-27,D1,7,C,WL1,1,20,2.8,NA
D17D,2023-01-27,D1,7,D,CP2,2,11,1.3,NA
D18C,2023-01-27,D1,8,C,WL1,2,10,2.4,NA
D18D,2023-01-27,D1,8,D,BH,7,17,1.6,NA
D19C,2023-01-27,D1,9,C,BH,1,8,2.1,NA
D110C,2023-01-27,D1,10,C,FR,6,6,2.1,Y
D110D,2023-01-27,D1,10,D,IH,7,2,1.6,NA
D111C,2023-01-27,D1,11,C,LV3,5,10,0.1,NA
D111D,2023-01-27,D1,11,D,SQ1,1,9,0.4,NA
D112C,2023-01-27,D1,12,C,WL1,1,13,1.1,NA
D113D,2023-01-27,D1,13,D,SQ1,7,13,1.2,NA
D114C,2023-01-27,D1,14,C,TM2,1,13,7.7,NA
D114D,2023-01-27,D1,14,D,WL1,6,4,3.4,NA
D117C,2023-01-27,D1,17,C,BH,5,14,3.2,NA
D117D,2023-01-27,D1,17,D,IH,7,12,3,NA
D118D,2023-01-27,D1,18,D,BH,3,5,2.3,NA
D119D,2023-01-27,D1,19,D,BH,5,9,1.4,NA
D120C,2023-01-27,D1,20,C,WL1,7,11,2.9,Y
D120D,2023-01-27,D1,20,D,YO8,3,12,0.4,NA
D121C,2023-01-27,D1,21,C,SC,5,10,0.7,NA
D222C,2023-01-27,D2,22,C,BH,7,18,1.4,NA
D222D,2023-01-27,D2,22,D,LV3,7,13,2.5,NA
D223C,2023-01-27,D2,23,C,SQ3,4,11,0.4,Y
D223D,2023-01-27,D2,23,D,SQ2,6,3,1,NA
D224C,2023-01-27,D2,24,C,IH,4,11,3.6,NA
D224D,2023-01-27,D2,24,D,LV3,4,12,1.8,Y
D225C,2023-01-27,D2,25,C,WL1,2,1,2.5,NA
D225D,2023-01-27,D2,25,D,FR,6,10,0.4,Y
D226C,2023-01-27,D2,26,C,WL1,4,11,3.9,NA
D226D,2023-01-27,D2,26,D,SC,5,11,3.9,Y
D227C,2023-01-27,D2,27,C,BH,7,5,3.1,NA
D227D,2023-01-27,D2,27,D,SC,4,10,2.3,NA
D228C,2023-01-27,D2,28,C,FR,2,9,4,NA
D228D,2023-01-27,D2,28,D,FR,1,6,3.3,NA
D229C,2023-01-27,D2,29,C,BH,4,13,3.3,Y
D229D,2023-01-27,D2,29,D,BH,2,9,2.9,NA
D230C,2023-01-27,D2,30,C,CP2,5,2,3.5,Y
D230D,2023-01-27,D2,30,D,BH,1,10,2.3,NA
D231C,2023-01-27,D2,31,C,SQ1,1,11,2.7,NA
D231D,2023-01-27,D2,31,D,LVTR1,6,5,0.9,NA
D232C,2023-01-27,D2,32,C,LV3,7,1,3.6,NA
D233C,2023-01-27,D2,33,C,CP3,12,1,3.2,NA
D234C,2023-01-27,D2,34,C,WL1,7,12,3.6,NA
D235C,2023-01-27,D2,35,C,SC,6,11,2.5,NA
D235D,2023-01-27,D2,35,D,BH,3,6,3.7,NA
D236C,2023-01-27,D2,36,C,IH,4,1,4,NA
D236D,2023-01-27,D2,36,D,WL1,6,5,1.1,Y
D237C,2023-01-27,D2,37,C,SQ1,7,4,0.3,NA
D237D,2023-01-27,D2,37,D,LV3,5,11,1.4,Y
D238D,2023-01-27,D2,38,D,SC,2,1,2.1,NA
D239C,2023-01-27,D2,39,C,WL1,7,16,1,NA
D239D,2023-01-27,D2,39,D,WL1,6,21,2.1,NA
D240C,2023-01-27,D2,40,C,TM2,2,1,3.6,NA
D240D,2023-01-27,D2,40,D,YO7,7,11,1.7,NA
D241C,2023-01-27,D2,41,C,WL1,7,2,1.4,NA
D241D,2023-01-27,D2,41,D,IH,2,9,4.3,NA
F13B,2023-01-27,F1,3,B,CP2,5,13,2.4,Y
F14A,2023-01-27,F1,4,A,SQ2,6,4,1.6,NA
F14B,2023-01-27,F1,4,B,SQ3,3,4,0.8,NA
F15B,2023-01-27,F1,5,B,LVTR1,6,12,2.2,NA
F16A,2023-01-27,F1,6,A,CP2,4,4,1.5,Y
F16B,2023-01-27,F1,6,B,WL2,4,1,2.8,Y
F17B,2023-01-27,F1,7,B,IH,4,20,6.1,NA
F18A,2023-01-27,F1,8,A,TM2,2,2,8.7,Y
F18B,2023-01-27,F1,8,B,SC,5,13,3.2,Y
F19A,2023-01-27,F1,9,A,DPR,2,5,6.5,NA
F110A,2023-01-27,F1,10,A,BH,7,19,2.9,NA
F111A,2023-01-27,F1,11,A,FR,5,9,3.9,NA
F111B,2023-01-27,F1,11,B,WL1,2,12,3.8,Y
F112A,2023-01-27,F1,12,A,CC,6,3,6.5,NA
F112B,2023-01-27,F1,12,B,TM2,1,3,7.3,NA
F113B,2023-01-27,F1,13,B,WL1,7,27,3.6,NA
F114A,2023-01-27,F1,14,A,IH,4,12,4.2,NA
F115A,2023-01-27,F1,15,A,BH,6,9,3.6,Y
F115B,2023-01-27,F1,15,B,SQ1,1,12,2.1,NA
F116A,2023-01-27,F1,16,A,WL1,2,2,4,NA
F116B,2023-01-27,F1,16,B,FR,2,4,3,NA
F117A,2023-01-27,F1,17,A,WL1,6,22,1.7,Y
F117B,2023-01-27,F1,17,B,BH,2,10,3.4,NA
F118A,2023-01-27,F1,18,A,WL1,5,8,3,NA
F118B,2023-01-27,F1,18,B,WL1,1,22,2.1,Y
F119A,2023-01-27,F1,19,A,WL2,5,11,3.4,Y
F120A,2023-01-27,F1,20,A,LV3,7,2,2,Y
F120B,2023-01-27,F1,20,B,CC,2,4,6,NA
F121B,2023-01-27,F1,21,B,LV3,5,12,2.6,NA
F222A,2023-01-27,F2,22,A,WL1,7,18,1,NA
F223A,2023-01-27,F2,23,A,WL1,2,3,2.5,NA
F224A,2023-01-27,F2,24,A,TM2,3,13,3.3,NA
F224B,2023-01-27,F2,24,B,LVTR1,5,13,1.4,NA
F225A,2023-01-27,F2,25,A,YO8,1,10,4.5,Y
F225B,2023-01-27,F2,25,B,WL1,6,7,4.7,Y
F226B,2023-01-27,F2,26,B,WR,1,11,3.5,NA
F227A,2023-01-27,F2,27,A,BH,7,7,3.4,NA
F227B,2023-01-27,F2,27,B,WL2,3,13,1.8,NA
F228B,2023-01-27,F2,28,B,WL1,6,23,3.8,Y
F229A,2023-01-27,F2,29,A,FR,8,1,2.2,Y
F229B,2023-01-27,F2,29,B,BH,4,5,4.8,NA
F230B,2023-01-27,F2,30,B,WL1,7,28,2.2,NA
F231A,2023-01-27,F2,31,A,CC,7,8,4.9,Y
F231B,2023-01-27,F2,31,B,SC,6,1,1.4,NA
F232A,2023-01-27,F2,32,A,DPR,6,2,2.5,NA
F232B,2023-01-27,F2,32,B,LV3,5,1,1.8,NA
F233A,2023-01-27,F2,33,A,IH,1,12,3.3,NA
F233B,2023-01-27,F2,33,B,WL1,4,3,2.5,NA
F234A,2023-01-27,F2,34,A,IH,4,13,5.3,NA
F234B,2023-01-27,F2,34,B,YO7,5,5,1.2,NA
F235A,2023-01-27,F2,35,A,LV3,7,3,3.3,NA
F235B,2023-01-27,F2,35,B,WL1,1,23,2,NA
F236A,2023-01-27,F2,36,A,FR,2,12,3.5,Y
F236B,2023-01-27,F2,36,B,CP2,3,5,3.4,Y
F237B,2023-01-27,F2,37,B,SQ1,7,14,2.8,NA
F238A,2023-01-27,F2,38,A,CP2,6,4,3.1,Y
F238B,2023-01-27,F2,38,B,SC,4,1,4.4,NA
F239A,2023-01-27,F2,39,A,TM2,3,2,2.2,NA
F239B,2023-01-27,F2,39,B,SC,5,1,5.5,NA
F240A,2023-01-27,F2,40,A,BH,3,8,3.6,NA
F240B,2023-01-27,F2,40,B,BH,5,12,6.5,Y
F241A,2023-01-27,F2,41,A,DPR,2,4,5.5,Y
F13C,2023-01-27,F1,3,C,BH,5,16,2.9,NA
F13D,2023-01-27,F1,3,D,SQ1,2,8,2.5,NA
F14C,2023-01-27,F1,4,C,TM2,5,7,10.4,NA
F14D,2023-01-27,F1,4,D,LV3,6,9,1.2,NA
F15C,2023-01-27,F1,5,C,BH,5,26,2.9,NA
F16C,2023-01-27,F1,6,C,DPR,6,9,2.5,NA
F17C,2023-01-27,F1,7,C,IH,1,10,1.9,NA
F17D,2023-01-27,F1,7,D,BH,7,6,3.5,NA
F18C,2023-01-27,F1,8,C,WL1,6,6,4,NA
F18D,2023-01-27,F1,8,D,WL1,2,16,2.6,NA
F19C,2023-01-27,F1,9,C,SC,2,13,1.1,NA
F19D,2023-01-27,F1,9,D,TM2,5,13,5.6,NA
F110C,2023-01-27,F1,10,C,YO7,3,1,2.4,NA
F110D,2023-01-27,F1,10,D,CP3,2,3,0.3,Y
F111C,2023-01-27,F1,11,C,WR,2,8,3,NA
F112C,2023-01-27,F1,12,C,SQ1,7,5,4.6,NA
F113C,2023-01-27,F1,13,C,BH,3,7,2.8,NA
F113D,2023-01-27,F1,13,D,FR,7,10,2.9,NA
F114C,2023-01-27,F1,14,C,YO11,3,3,1.9,NA
F115C,2023-01-27,F1,15,C,BH,4,4,3.4,NA
F116C,2023-01-27,F1,16,C,LV3,2,5,1.6,NA
F117D,2023-01-27,F1,17,D,CC,3,13,4.7,NA
F118D,2023-01-27,F1,18,D,SC,4,13,3.4,NA
F119C,2023-01-27,F1,19,C,WL1,7,3,1.8,NA
F120C,2023-01-27,F1,20,C,BH,5,11,5.1,NA
F120D,2023-01-27,F1,20,D,BH,5,1,2.9,NA
F121D,2023-01-27,F1,21,D,WL1,7,13,3.9,Y
F223C,2023-01-27,F2,23,C,IH,4,21,2.8,Y
F223D,2023-01-27,F2,23,D,WL1,4,13,1.7,NA
F224C,2023-01-27,F2,24,C,CC,1,6,3.4,Y
F225C,2023-01-27,F2,25,C,BH,7,20,2.4,NA
F225D,2023-01-27,F2,25,D,FR,1,10,4.5,Y
F226D,2023-01-27,F2,26,D,SQ1,7,6,2.2,Y
F227C,2023-01-27,F2,27,C,WL1,2,13,3,Y
F228C,2023-01-27,F2,28,C,LV3,1,9,1.8,NA
F228D,2023-01-27,F2,28,D,YO4,4,4,2.1,NA
F229C,2023-01-27,F2,29,C,SQ1,1,1,1.5,NA
F230C,2023-01-27,F2,30,C,IH,4,3,3.5,NA
F230D,2023-01-27,F2,30,D,WL1,1,6,4.9,NA
F231C,2023-01-27,F2,31,C,BH,6,10,3,Y
F232C,2023-01-27,F2,32,C,WL1,7,4,2.5,Y
F232D,2023-01-27,F2,32,D,WL1,2,17,1.6,Y
F233C,2023-01-27,F2,33,C,BH,5,17,3,NA
F233D,2023-01-27,F2,33,D,BH,2,11,3.6,NA
F234C,2023-01-27,F2,34,C,SQ2,6,6,0.4,NA
F234D,2023-01-27,F2,34,D,CC,3,12,5.6,NA
F235C,2023-01-27,F2,35,C,BH,5,27,3.2,Y
F235D,2023-01-27,F2,35,D,BH,2,1,3.7,NA
F236C,2023-01-27,F2,36,C,LV3,8,5,1.4,NA
F237C,2023-01-27,F2,37,C,LV3,3,2,1.9,NA
F237D,2023-01-27,F2,37,D,LV3,5,13,1.9,Y
F238C,2023-01-27,F2,38,C,SQ2,5,5,1.6,Y
F238D,2023-01-27,F2,38,D,SQ3,3,2,1.6,NA
F239C,2023-01-27,F2,39,C,CP2,4,6,1.8,Y
F240C,2023-01-27,F2,40,C,DPR,7,4,5.4,NA
F240D,2023-01-27,F2,40,D,TM2,1,4,10.6,Y
F241C,2023-01-27,F2,41,C,FR,5,13,1.6,Y
F241D,2023-01-27,F2,41,D,CP2,9,3,2.6,Y
H14A,2023-01-27,H1,4,A,YO7,2,9,1.1,Y
H14B,2023-01-27,H1,4,B,BH,2,12,4.5,Y
H15A,2023-01-27,H1,5,A,SQ1,7,15,1.6,NA
H15B,2023-01-27,H1,5,B,SC,4,2,4.7,NA
H16A,2023-01-27,H1,6,A,WL1,6,24,5.1,NA
H16B,2023-01-27,H1,6,B,LV3,5,2,2.8,NA
H17A,2023-01-27,H1,7,A,WR,2,7,4.6,NA
H17B,2023-01-27,H1,7,B,SQ1,1,2,2.5,NA
H18A,2023-01-27,H1,8,A,LV3,4,2,3,NA
H18B,2023-01-27,H1,8,B,BH,3,9,3.2,Y
H19A,2023-01-27,H1,9,A,WL1,6,8,3.1,Y
H19B,2023-01-27,H1,9,B,LV3,7,5,1.1,NA
H110A,2023-01-27,H1,10,A,WL2,4,4,1.6,NA
H110B,2023-01-27,H1,10,B,WL1,1,24,2.3,Y
H111A,2023-01-27,H1,11,A,WL1,2,4,4.4,NA
H111B,2023-01-27,H1,11,B,CC,7,2,6.8,NA
H112A,2023-01-27,H1,12,A,YO8,3,5,3.2,Y
H112B,2023-01-27,H1,12,B,FR,2,8,5.2,Y
H113A,2023-01-27,H1,13,A,LVTR1,3,10,2.5,NA
H113B,2023-01-27,H1,13,B,CP2,3,3,3.5,NA
H114A,2023-01-27,H1,14,A,BH,5,3,6.9,Y
H114B,2023-01-27,H1,14,B,WL1,5,11,3.4,Y
H115A,2023-01-27,H1,15,A,CP2,8,1,1,Y
H115B,2023-01-27,H1,15,B,CC,3,3,5.5,NA
H116A,2023-01-27,H1,16,A,CC,4,10,6.3,Y
H116B,2023-01-27,H1,16,B,CC,6,6,4.4,NA
H117A,2023-01-27,H1,17,A,BH,4,6,2.3,Y
H117B,2023-01-27,H1,17,B,DPR,5,2,6.4,NA
H118A,2023-01-27,H1,18,A,FR,1,11,5.2,Y
H118B,2023-01-27,H1,18,B,BH,5,18,3.5,NA
H119A,2023-01-27,H1,19,A,TM2,5,1,5.5,NA
H119B,2023-01-27,H1,19,B,SQ1,7,7,3.2,NA
H120A,2023-01-27,H1,20,A,FR,6,3,4,NA
H120B,2023-01-27,H1,20,B,IH,1,9,4.9,NA
H221A,2023-01-27,H2,21,A,CC,3,5,4.8,Y
H222A,2023-01-27,H2,22,A,SQ2,8,3,1.5,Y
H223A,2023-01-27,H2,23,A,YO7,2,3,2.1,NA
H223B,2023-01-27,H2,23,B,WL1,1,15,2.5,NA
H224A,2023-01-27,H2,24,A,WR,1,1,2,Y
H224B,2023-01-27,H2,24,B,BH,5,29,4.5,Y
H225A,2023-01-27,H2,25,A,IH,4,5,4,NA
H225B,2023-01-27,H2,25,B,WL1,7,20,2.8,NA
H226A,2023-01-27,H2,26,A,DPR,4,13,3.5,Y
H226B,2023-01-27,H2,26,B,LV3,1,14,2.4,NA
H227A,2023-01-27,H2,27,A,BH,5,4,4.5,NA
H227B,2023-01-27,H2,27,B,SQ1,4,2,1.7,NA
H228A,2023-01-27,H2,28,A,WL1,1,8,2.2,Y
H228B,2023-01-27,H2,28,B,SC,5,4,4.5,Y
H229A,2023-01-27,H2,29,A,IH,7,14,4.5,NA
H229B,2023-01-27,H2,29,B,BH,5,19,3.2,NA
H230B,2023-01-27,H2,30,B,WL1,1,25,3,NA
H231A,2023-01-27,H2,31,A,SQ1,7,8,1.8,NA
H231B,2023-01-27,H2,31,B,YO8,3,6,1,NA
H232B,2023-01-27,H2,32,B,SQ2,1,13,1.3,Y
H233A,2023-01-27,H2,33,A,BH,3,10,2.5,NA
H233B,2023-01-27,H2,33,B,BH,4,7,2.9,Y
H234A,2023-01-27,H2,34,A,SC,4,3,3.5,Y
H234B,2023-01-27,H2,34,B,CC,4,7,3.4,Y
H235A,2023-01-27,H2,35,A,TM2,5,5,7,Y
H236B,2023-01-27,H2,36,B,TM2,3,1,5.1,Y
H237A,2023-01-27,H2,37,A,LV3,6,4,2.2,Y
H237B,2023-01-27,H2,37,B,FR,6,7,4.5,Y
H238A,2023-01-27,H2,38,A,CP3,5,9,1.2,NA
H238B,2023-01-27,H2,38,B,FR,3,5,3.3,Y
H239A,2023-01-27,H2,39,A,BH,7,9,3,Y
H239B,2023-01-27,H2,39,B,BH,6,2,3.5,Y
H13C,2023-01-27,H1,3,C,WL1,1,14,2.1,NA
H13D,2023-01-27,H1,3,D,IH,4,4,2.2,NA
H14C,2023-01-27,H1,4,C,SC,6,2,3.1,NA
H14D,2023-01-27,H1,4,D,WL2,3,7,0.7,NA
H15C,2023-01-27,H1,5,C,BH,5,28,4.6,NA
H15D,2023-01-27,H1,5,D,SQ2,6,7,0.5,Y
H16C,2023-01-27,H1,6,C,TM2,1,5,9.1,Y
H16D,2023-01-27,H1,6,D,LV3,4,1,1.5,NA
H17C,2023-01-27,H1,7,C,DPR,2,10,7.8,NA
H18C,2023-01-27,H1,8,C,SQ1,6,7,1.2,Y
H18D,2023-01-27,H1,8,D,YO11,5,13,2.6,Y
H19D,2023-01-27,H1,9,D,CC,2,2,4.8,NA
H110C,2023-01-27,H1,10,C,BH,6,11,4.1,NA
H110D,2023-01-27,H1,10,D,WL1,7,5,3.5,NA
H111C,2023-01-27,H1,11,C,WL1,1,7,1.8,NA
H111D,2023-01-27,H1,11,D,WL1,4,4,4.1,NA
H112C,2023-01-27,H1,12,C,SQ1,2,5,2,NA
H112D,2023-01-27,H1,12,D,SQ3,7,7,2.1,NA
H113D,2023-01-27,H1,13,D,YO7,8,2,2.2,NA
H114C,2023-01-27,H1,14,C,LV3,8,2,2.4,Y
H114D,2023-01-27,H1,14,D,SC,5,3,2.1,NA
H115C,2023-01-27,H1,15,C,CP2,3,10,1.4,NA
H115D,2023-01-27,H1,15,D,BH,5,13,4.1,Y
H116C,2023-01-27,H1,16,C,CP2,10,2,2.1,NA
H116D,2023-01-27,H1,16,D,IH,7,6,3.4,NA
H117C,2023-01-27,H1,17,C,BH,2,2,3.5,NA
H117D,2023-01-27,H1,17,D,TM2,2,13,6.4,NA
H118C,2023-01-27,H1,18,C,LV3,1,10,2.2,NA
H118D,2023-01-27,H1,18,D,WL1,7,19,3.5,NA
H119C,2023-01-27,H1,19,C,BH,7,21,4.5,Y
H119D,2023-01-27,H1,19,D,LV1,4,5,1.2,NA
H221D,2023-01-27,H2,21,D,WL1,6,25,2.1,Y
H222D,2023-01-27,H2,22,D,BH,2,3,2.8,Y
H223C,2023-01-27,H2,23,C,BH,7,22,2.8,Y
H223D,2023-01-27,H2,23,D,WL1,6,9,3.8,NA
H224C,2023-01-27,H2,24,C,LV3,8,6,2.2,NA
H225C,2023-01-27,H2,25,C,DPR,2,6,7.5,Y
H226C,2023-01-27,H2,26,C,WL1,4,5,4.5,Y
H226D,2023-01-27,H2,26,D,SQ2,6,8,0.5,NA
H227C,2023-01-27,H2,27,C,LV3,1,11,1,NA
H227D,2023-01-27,H2,27,D,BH,6,12,2.8,Y
H228C,2023-01-27,H2,28,C,WL1,3,1,2.9,Y
H228D,2023-01-27,H2,28,D,SQ1,1,3,1.9,Y
H229C,2023-01-27,H2,29,C,FR,1,13,6.1,Y
H229D,2023-01-27,H2,29,D,LV3,7,6,2.4,NA
H230C,2023-01-27,H2,30,C,WL2,1,8,2.5,NA
H230D,2023-01-27,H2,30,D,TM2,1,6,9.1,NA
H231C,2023-01-27,H2,31,C,CP2,6,10,2.2,NA
H231D,2023-01-27,H2,31,D,YO11,7,1,2.7,Y
H232C,2023-01-27,H2,32,C,SC,6,3,3.4,Y
H232D,2023-01-27,H2,32,D,CP2,3,4,1.2,NA
H233C,2023-01-27,H2,33,C,LVTR1,3,12,2.5,NA
H233D,2023-01-27,H2,33,D,FR,6,4,4,Y
H234C,2023-01-27,H2,34,C,CP2,3,6,3.5,Y
H234D,2023-01-27,H2,34,D,LV3,5,3,2.5,NA
H235C,2023-01-27,H2,35,C,BH,2,13,2.5,NA
H235D,2023-01-27,H2,35,D,SQ1,7,16,2,NA
H236C,2023-01-27,H2,36,C,CC,2,1,5.6,NA
H236D,2023-01-27,H2,36,D,WL2,5,3,0.8,NA
H237C,2023-01-27,H2,37,C,CP2,9,1,2.5,NA
H237D,2023-01-27,H2,37,D,IH,7,7,2.5,NA
H238C,2023-01-27,H2,38,C,WL1,7,6,2.2,NA
H238D,2023-01-27,H2,38,D,SQ3,6,10,1.5,Y
H239D,2023-01-27,H2,39,D,SC,2,11,3.6,Y
J13C,2023-01-27,J1,3,C,SQ3,6,12,0.1,NA
J13D,2023-01-27,J1,3,D,CP2,1,6,0.3,NA
J14C,2023-01-27,J1,4,C,IH,7,8,3,NA
J15C,2023-01-27,J1,5,C,YO7,5,1,0.9,NA
J16C,2023-01-27,J1,6,C,IH,5,10,1.9,NA
J16D,2023-01-27,J1,6,D,WL1,7,21,1.3,NA
J17C,2023-01-27,J1,7,C,LV3,5,5,2.2,Y
J18D,2023-01-27,J1,8,D,CP2,8,3,0.2,Y
J19C,2023-01-27,J1,9,C,BH,5,30,4.4,Y
J19D,2023-01-27,J1,9,D,CC,2,6,3.8,NA
J110C,2023-01-27,J1,10,C,BH,3,1,1.7,Y
J111C,2023-01-27,J1,11,C,YO8,7,4,25,NA
J111D,2023-01-27,J1,11,D,CP2,7,12,0.7,Y
J112C,2023-01-27,J1,12,C,BH,7,23,2,NA
J112D,2023-01-27,J1,12,D,SQ2,7,7,1.8,NA
J113C,2023-01-27,J1,13,C,TM2,6,7,4.1,NA
J114C,2023-01-27,J1,14,C,WL1,6,10,2.2,NA
J114D,2023-01-27,J1,14,D,BH,4,8,3.3,NA
J115C,2023-01-27,J1,15,C,WL1,1,9,2.3,NA
J115D,2023-01-27,J1,15,D,CP3,2,7,1.4,Y
J116C,2023-01-27,J1,16,C,CC,6,4,5.6,NA
J116D,2023-01-27,J1,16,D,BH,5,5,2.7,Y
J117C,2023-01-27,J1,17,C,WL2,4,6,2.1,NA
J118C,2023-01-27,J1,18,C,SC,2,2,2.9,NA
J118D,2023-01-27,J1,18,D,LV3,7,8,2.4,NA
J119C,2023-01-27,J1,19,C,BH,5,20,4.3,NA
J120C,2023-01-27,J1,20,C,CP2,3,12,1.2,NA
J120D,2023-01-27,J1,20,D,WL1,2,6,1.5,NA
J121D,2023-01-27,J1,21,D,DPR,4,8,3.9,NA
J223C,2023-01-27,J2,23,C,YO4,4,3,2.1,NA
J223D,2023-01-27,J2,23,D,BH,4,9,4.3,Y
J224C,2023-01-27,J2,24,C,SQ2,6,11,0.4,NA
J225C,2023-01-27,J2,25,C,WL2,5,4,2.5,NA
J225D,2023-01-27,J2,25,D,BH,2,5,1.9,NA
J226C,2023-01-27,J2,26,C,YO8,7,6,3.5,NA
J227C,2023-01-27,J2,27,C,YO7,6,10,0.3,NA
J227D,2023-01-27,J2,27,D,IH,7,9,2.6,Y
J228D,2023-01-27,J2,28,D,WL1,6,17,3.4,Y
J229C,2023-01-27,J2,29,C,YO11,2,2,3.5,NA
J230C,2023-01-27,J2,30,C,BH,4,14,4.4,NA
J231C,2023-01-27,J2,31,C,BH,5,6,6.1,NA
J231D,2023-01-27,J2,31,D,BH,7,14,2.7,Y
J232D,2023-01-27,J2,32,D,BH,3,12,3.5,NA
J233D,2023-01-27,J2,33,D,LV3,6,5,1.8,NA
J234C,2023-01-27,J2,34,C,LV3,1,3,1.2,NA
J235C,2023-01-27,J2,35,C,BH,7,11,1.5,NA
J235D,2023-01-27,J2,35,D,SC,5,7,1.8,Y
J236C,2023-01-27,J2,36,C,CC,5,5,4.2,NA
J236D,2023-01-27,J2,36,D,BH,5,21,3,Y
J237C,2023-01-27,J2,37,C,WL1,7,8,1.9,NA
J239C,2023-01-27,J2,39,C,CC,2,3,6.9,NA
J240C,2023-01-27,J2,40,C,FR,5,3,2.5,NA
J240D,2023-01-27,J2,40,D,WL1,6,11,2.1,NA
J13A,2023-01-27,J1,3,A,WL1,6,26,2.3,NA
J14A,2023-01-27,J1,4,A,SQ1,7,9,1.1,NA
J14B,2023-01-27,J1,4,B,BH,2,4,2.3,NA
J15A,2023-01-27,J1,5,A,LV3,6,7,1,NA
J15B,2023-01-27,J1,5,B,TM2,3,10,2.5,Y
J16A,2023-01-27,J1,6,A,WL1,1,26,3.1,NA
J16B,2023-01-27,J1,6,B,DPR,6,10,4.1,NA
J17A,2023-01-27,J1,7,A,SQ1,1,4,1.8,Y
J17B,2023-01-27,J1,7,B,SQ1,2,3,2,NA
J18A,2023-01-27,J1,8,A,TM2,4,10,6.2,NA
J18B,2023-01-27,J1,8,B,FR,1,1,4.1,Y
J19B,2023-01-27,J1,9,B,SC,4,4,3,NA
J110A,2023-01-27,J1,10,A,CC,3,2,6.3,NA
J110B,2023-01-27,J1,10,B,SC,5,5,4,NA
J111A,2023-01-27,J1,11,A,LV3,6,13,3,NA
J111B,2023-01-27,J1,11,B,FR,2,11,3.9,NA
J112B,2023-01-27,J1,12,B,CC,4,4,4.1,Y
J113A,2023-01-27,J1,13,A,SQ1,7,17,2.5,NA
J113B,2023-01-27,J1,13,B,IH,6,13,5.5,NA
J114A,2023-01-27,J1,14,A,WL1,1,16,4,NA
J114B,2023-01-27,J1,14,B,IH,4,6,5,NA
J115A,2023-01-27,J1,15,A,WL1,3,12,0.7,NA
J115B,2023-01-27,J1,15,B,YO4,1,1,2,NA
J116B,2023-01-27,J1,16,B,SC,6,4,4,NA
J117A,2023-01-27,J1,17,A,WL1,4,6,2.1,NA
J117B,2023-01-27,J1,17,B,LV3,2,7,2.2,NA
J118A,2023-01-27,J1,18,A,YO8,7,10,3.2,NA
J118B,2023-01-27,J1,18,B,LVTR1,6,2,2,NA
J119A,2023-01-27,J1,19,A,WL2,1,13,0.5,NA
J119B,2023-01-27,J1,19,B,BH,3,11,3.8,NA
J120A,2023-01-27,J1,20,A,LV3,1,12,2,NA
J120B,2023-01-27,J1,20,B,BH,7,10,2.2,NA
J121A,2023-01-27,J1,21,A,YO11,3,13,3,NA
J121B,2023-01-27,J1,21,B,WL1,6,16,3.4,NA
J222A,2023-01-27,J2,22,A,WL1,7,22,2,NA
J223A,2023-01-27,J2,23,A,WL1,2,7,3.8,NA
J223B,2023-01-27,J2,23,B,WL1,1,27,1.8,NA
J224A,2023-01-27,J2,24,A,LVTR1,6,11,3,Y
J224B,2023-01-27,J2,24,B,IH,4,15,3.6,NA
J225A,2023-01-27,J2,25,A,SC,6,5,3.8,NA
J225B,2023-01-27,J2,25,B,WL1,6,27,3.3,NA
J226B,2023-01-27,J2,26,B,FR,7,9,4,NA
J227A,2023-01-27,J2,27,A,LV3,1,13,3.8,NA
J241B,2023-01-27,J2,41,B,BH,6,4,5.5,NA
J227B,2023-01-27,J2,27,B,YO7,4,12,2,NA
J228B,2023-01-27,J2,28,B,WL2,3,4,6,Y
J229A,2023-01-27,J2,29,A,IH,4,7,4.7,NA
J229B,2023-01-27,J2,29,B,TM2,1,10,5.7,NA
J230A,2023-01-27,J2,30,A,CP2,7,7,1,NA
J230B,2023-01-27,J2,30,B,SQ1,4,13,2.5,NA
J231A,2023-01-27,J2,31,A,TM2,4,12,8,Y
J231B,2023-01-27,J2,31,B,FR,4,2,3,Y
J232A,2023-01-27,J2,32,A,DPR,2,12,7.5,NA
J232B,2023-01-27,J2,32,B,DPR,6,11,3.2,NA
J233A,2023-01-27,J2,33,A,BH,3,2,3,Y
J233B,2023-01-27,J2,33,B,TM2,2,6,5.6,NA
J234A,2023-01-27,J2,34,A,FR,2,2,3,NA
J234B,2023-01-27,J2,34,B,WL1,1,17,2.3,NA
J235A,2023-01-27,J2,35,A,LV3,7,9,2.5,NA
J235B,2023-01-27,J2,35,B,LV3,5,6,2.2,NA
J237B,2023-01-27,J2,37,B,BH,1,7,3,Y
J238A,2023-01-27,J2,38,A,SQ1,7,10,1.8,NA
J238B,2023-01-27,J2,38,B,CC,3,9,4.6,NA
J239A,2023-01-27,J2,39,A,WL1,1,10,2.5,NA
J239B,2023-01-27,J2,39,B,SQ1,1,5,1.9,NA
J240A,2023-01-27,J2,40,A,CP2,3,2,2.9,NA
J240B,2023-01-27,J2,40,B,CP3,6,13,0.3,NA
L13A,2023-01-27,L1,3,A,YO11,7,13,1.6,Y
L13B,2023-01-27,L1,3,B,IH,4,8,2.8,NA
L14A,2023-01-27,L1,4,A,SC,5,8,4.3,Y
L15B,2023-01-27,L1,5,B,BH,2,6,2.8,NA
L16A,2023-01-27,L1,6,A,TM2,1,11,6.3,NA
L16B,2023-01-27,L1,6,B,WL1,1,28,2.7,NA
L17A,2023-01-27,L1,7,A,WL1,1,18,2.3,NA
L17B,2023-01-27,L1,7,B,SQ2,5,7,1.9,NA
L18A,2023-01-27,L1,8,A,CC,4,6,3.4,NA
L18B,2023-01-27,L1,8,B,BH,7,2,3.3,NA
L110A,2023-01-27,L1,10,A,BH,2,14,1.4,NA
L110B,2023-01-27,L1,10,B,SC,1,9,2.9,NA
L111A,2023-01-27,L1,11,A,CP2,3,8,2.6,NA
L111B,2023-01-27,L1,11,B,BH,3,3,2.7,Y
L112A,2023-01-27,L1,12,A,WL2,4,9,3,NA
L112B,2023-01-27,L1,12,B,SC,6,6,4.2,Y
L113A,2023-01-27,L1,13,A,FR,6,12,4.1,Y
L113B,2023-01-27,L1,13,B,SQ1,7,19,2.6,Y
L114A,2023-01-27,L1,14,A,IH,1,7,2.1,Y
L114B,2023-01-27,L1,14,B,YO7,8,3,2.1,NA
L115A,2023-01-27,L1,15,A,BH,5,7,3,NA
L115B,2023-01-27,L1,15,B,TM2,3,12,4.9,NA
L116A,2023-01-27,L1,16,A,FR,5,10,3.5,NA
L116B,2023-01-27,L1,16,B,WL1,6,2,2,NA
L117B,2023-01-27,L1,17,B,FR,2,1,1.7,NA
L118A,2023-01-27,L1,18,A,TM2,7,11,5.7,NA
L119B,2023-01-27,L1,19,B,DPR,4,11,4.3,NA
L120A,2023-01-27,L1,20,A,BH,7,15,2.3,Y
L121A,2023-01-27,L1,21,A,TM2,2,5,6.1,Y
L122A,2023-01-27,L1,22,A,LV3,4,6,2.2,NA
L225A,2023-01-27,L2,25,A,CP2,5,10,1,NA
L226A,2023-01-27,L2,26,A,SC,4,7,2.9,NA
L228A,2023-01-27,L2,28,A,CP2,7,6,1.1,NA
L228B,2023-01-27,L2,28,B,IH,4,17,1.5,NA
L229A,2023-01-27,L2,29,A,CP2,9,4,1.8,Y
L230A,2023-01-27,L2,30,A,TM2,1,12,12,Y
L230B,2023-01-27,L2,30,B,YO11,6,9,3.2,NA
L231A,2023-01-27,L2,31,A,WL1,7,24,2.9,Y
L231B,2023-01-27,L2,31,B,FR,3,13,3.8,NA
L232A,2023-01-27,L2,32,A,CC,5,3,5.5,Y
L232B,2023-01-27,L2,32,B,SQ1,7,20,3,Y
L233A,2023-01-27,L2,33,A,WL1,1,12,2.9,Y
L234A,2023-01-27,L2,34,A,WL1,6,13,3,Y
L234B,2023-01-27,L2,34,B,TM2,5,8,6,NA
L235A,2023-01-27,L2,35,A,TM2,4,9,7.1,Y
L235B,2023-01-27,L2,35,B,SC,5,9,3,Y
L236B,2023-01-27,L2,36,B,YO4,2,2,3,Y
L237B,2023-01-27,L2,37,B,DPR,6,3,2.3,NA
L239B,2023-01-27,L2,39,B,LV3,6,8,2.1,NA
L240B,2023-01-27,L2,40,B,YO8,7,11,2.4,Y
L241A,2023-01-27,L2,41,A,WL2,5,1,2.4,NA
L241B,2023-01-27,L2,41,B,SQ1,2,4,0.9,NA
L242B,2023-01-27,L2,42,B,SC,6,8,2.6,Y
L13C,2023-01-27,L1,3,C,SQ3,4,3,1.2,NA
L13D,2023-01-27,L1,3,D,SQ1,7,11,2.7,NA
L14D,2023-01-27,L1,4,D,BH,4,10,2.1,NA
L15C,2023-01-27,L1,5,C,YO7,2,1,0.8,NA
L15D,2023-01-27,L1,5,D,WL1,1,11,4,Y
L16C,2023-01-27,L1,6,C,LV3,1,4,2.9,NA
L16D,2023-01-27,L1,6,D,WL1,6,18,3.4,Y
L17C,2023-01-27,L1,7,C,WR,2,2,1.3,NA
L17D,2023-01-27,L1,7,D,SC,4,6,2.9,Y
L18C,2023-01-27,L1,8,C,WL1,6,12,2.6,NA
L18D,2023-01-27,L1,8,D,WL1,7,9,3,Y
L19C,2023-01-27,L1,9,C,CP2,10,1,1,Y
L19D,2023-01-27,L1,9,D,SQ1,7,1,3,NA
L110C,2023-01-27,L1,10,C,WL1,1,1,1.2,NA
L110D,2023-01-27,L1,10,D,LV3,8,1,1.7,NA
L111C,2023-01-27,L1,11,C,FR,2,10,3.4,NA
L111D,2023-01-27,L1,11,D,IH,7,10,2.2,NA
L112C,2023-01-27,L1,12,C,SQ1,2,9,0.6,NA
L112D,2023-01-27,L1,12,D,CP2,8,2,1.9,Y
L113C,2023-01-27,L1,13,C,BH,3,13,2.4,NA
L113D,2023-01-27,L1,13,D,BH,5,22,3.7,NA
L114C,2023-01-27,L1,14,C,YO8,7,2,1.9,Y
L114D,2023-01-27,L1,14,D,CC,1,1,3.9,NA
L115D,2023-01-27,L1,15,D,WL1,4,8,3.3,Y
L116C,2023-01-27,L1,16,C,BH,6,5,4.4,NA
L116D,2023-01-27,L1,16,D,DPR,6,13,4.5,NA
L117C,2023-01-27,L1,17,C,CC,7,3,4.2,NA
L118C,2023-01-27,L1,18,C,CP3,9,2,1,Y
L118D,2023-01-27,L1,18,D,BH,7,12,3.7,Y
L119C,2023-01-27,L1,19,C,WL2,7,3,3.2,NA
L119D,2023-01-27,L1,19,D,SQ2,6,12,2.2,Y
L120C,2023-01-27,L1,20,C,WL1,6,28,2.4,Y
L120D,2023-01-27,L1,20,D,LV3,7,10,2.7,NA
L121D,2023-01-27,L1,21,D,SQ1,1,6,1.1,NA
L226C,2023-01-27,L2,26,C,WR,1,7,0.9,NA
L227C,2023-01-27,L2,27,C,SQ3,3,3,1.1,Y
L227D,2023-01-27,L2,27,D,WL1,4,9,2.5,Y
L228C,2023-01-27,L2,28,C,BH,6,6,3.1,Y
L228D,2023-01-27,L2,28,D,BH,2,7,2.9,Y
L229D,2023-01-27,L2,29,D,BH,3,14,1.2,NA
L230C,2023-01-27,L2,30,C,BH,4,11,4.5,Y
L230D,2023-01-27,L2,30,D,TM2,3,4,4.6,NA
L231C,2023-01-27,L2,31,C,SC,1,8,3.4,Y
L231D,2023-01-27,L2,31,D,LV3,5,9,2.4,Y
L232C,2023-01-27,L2,32,C,CP2,1,1,1.2,Y
L233C,2023-01-27,L2,33,C,DPR,2,2,5.4,Y
L234C,2023-01-27,L2,34,C,BH,5,8,3.6,NA
L235C,2023-01-27,L2,35,C,WL1,7,10,5.2,NA
L235D,2023-01-27,L2,35,D,LV3,1,5,0.6,Y
L236D,2023-01-27,L2,36,D,SQ1,6,2,2.1,NA
L237D,2023-01-27,L2,37,D,BH,7,16,2.6,Y
L238C,2023-01-27,L2,38,C,SQ1,7,2,4.2,NA
L238D,2023-01-27,L2,38,D,SQ1,7,12,4,NA
L239C,2023-01-27,L2,39,C,LV3,7,11,2.3,Y
L239D,2023-01-27,L2,39,D,YO7,4,2,1.3,NA
L240C,2023-01-27,L2,40,C,IH,7,11,4.8,Y
L240D,2023-01-27,L2,40,D,BH,7,13,3.8,Y
L241C,2023-01-27,L2,41,C,FR,4,13,3.1,NA
L241D,2023-01-27,L2,41,D,BH,4,1,3.3,NA
L242C,2023-01-27,L2,42,C,BH,7,3,2,Y
L242D,2023-01-27,L2,42,D,IH,4,9,1.6,NA
D13A,2023-02-17,D1,3,A,WL2,4,11,1.5,NA
D14B,2023-02-17,D1,4,B,CC,5,12,3.4,NA
D15A,2023-02-17,D1,5,A,FR,3,6,3.5,NA
D15B,2023-02-17,D1,5,B,BH,5,24,4.3,NA
D16A,2023-02-17,D1,6,A,IH,6,12,3.3,NA
D18B,2023-02-17,D1,8,B,BH,6,7,2.9,NA
D19A,2023-02-17,D1,9,A,SC,4,8,3.8,NA
D110A,2023-02-17,D1,10,A,SQ3,4,4,0.1,NA
D110B,2023-02-17,D1,10,B,TM2,2,4,8.1,NA
D111A,2023-02-17,D1,11,A,WL1,4,10,1.8,NA
D111B,2023-02-17,D1,11,B,BH,7,4,3.5,NA
D112A,2023-02-17,D1,12,A,CC,7,4,4.3,NA
D112B,2023-02-17,D1,12,B,TM2,5,9,6,NA
D113B,2023-02-17,D1,13,B,WL1,1,3,4.3,NA
D114A,2023-02-17,D1,14,A,WL1,3,6,2.1,NA
D114B,2023-02-17,D1,14,B,YO7,4,7,1.6,NA
D115A,2023-02-17,D1,15,A,IH,4,18,2.3,NA
D115B,2023-02-17,D1,15,B,WL1,2,14,1.5,NA
D116B,2023-02-17,D1,16,B,TM2,5,3,4.1,NA
D117B,2023-02-17,D1,17,B,WL1,7,15,2.1,NA
D118A,2023-02-17,D1,18,A,SC,6,10,3.1,Y
D118B,2023-02-17,D1,18,B,IH,4,10,5.3,NA
D119B,2023-02-17,D1,19,B,BH,2,8,3.3,NA
D120A,2023-02-17,D1,20,A,BH,4,2,3.9,NA
D120B,2023-02-17,D1,20,B,WL2,5,6,2.9,NA
D121B,2023-02-17,D1,21,B,LV3,6,3,0.7,NA
D222B,2023-02-17,D2,22,B,SQ1,4,4,2.1,NA
D223B,2023-02-17,D2,23,B,CP2,10,3,3.3,NA
D224B,2023-02-17,D2,24,B,IH,6,6,2.1,NA
D225A,2023-02-17,D2,25,A,DPR,2,7,8.9,NA
D225B,2023-02-17,D2,25,B,CP2,2,1,0.7,NA
D226A,2023-02-17,D2,26,A,TM2,1,2,2.6,NA
D226B,2023-02-17,D2,26,B,BH,5,15,3,NA
D227B,2023-02-17,D2,27,B,DPR,4,9,7.2,NA
D228B,2023-02-17,D2,28,B,CC,2,13,4,NA
D229A,2023-02-17,D2,29,A,IH,7,3,5,NA
D230A,2023-02-17,D2,30,A,WL1,7,26,2.1,NA
D230B,2023-02-17,D2,30,B,BH,4,3,3.9,NA
D231B,2023-02-17,D2,31,B,TM2,4,11,6.4,NA
D232A,2023-02-17,D2,32,A,LV3,2,3,0.7,NA
D232B,2023-02-17,D2,32,B,IH,4,19,2.7,NA
D233B,2023-02-17,D2,33,B,BH,6,8,2.2,NA
D234B,2023-02-17,D2,34,B,WL1,1,21,2.4,NA
D235A,2023-02-17,D2,35,A,CC,1,11,5.5,NA
D235B,2023-02-17,D2,35,B,BH,5,25,1.9,NA
D236B,2023-02-17,D2,36,B,WL1,2,15,1.1,NA
D237B,2023-02-17,D2,37,B,TM2,6,5,11.6,NA
D239A,2023-02-17,D2,39,A,CC,5,7,3.8,NA
D239B,2023-02-17,D2,39,B,CC,4,5,5.2,NA
D240A,2023-02-17,D2,40,A,FR,6,5,3.3,NA
D240B,2023-02-17,D2,40,B,WR,3,7,4.2,NA
D241A,2023-02-17,D2,41,A,WL2,4,12,1.8,NA
D241B,2023-02-17,D2,41,B,IH,7,13,0.7,NA
D13D,2023-02-17,D1,3,D,IH,2,13,3.1,NA
D14D,2023-02-17,D1,4,D,YO7,8,1,0.8,NA
D16C,2023-02-17,D1,6,C,BH,4,12,4.7,NA
D17C,2023-02-17,D1,7,C,WL1,1,20,2.8,NA
D17D,2023-02-17,D1,7,D,CP2,2,11,1.4,NA
D18D,2023-02-17,D1,8,D,BH,7,17,1.5,NA
D19C,2023-02-17,D1,9,C,BH,1,8,24,NA
D110D,2023-02-17,D1,10,D,IH,7,2,1.9,NA
D114C,2023-02-17,D1,14,C,TM2,1,13,7.2,NA
D114D,2023-02-17,D1,14,D,WL1,6,4,1.5,NA
D117C,2023-02-17,D1,17,C,BH,5,14,2.9,NA
D117D,2023-02-17,D1,17,D,IH,7,12,3.4,NA
D118D,2023-02-17,D1,18,D,BH,3,5,2.2,NA
D119D,2023-02-17,D1,19,D,BH,5,9,0.9,NA
D121C,2023-02-17,D1,21,C,SC,5,10,0.9,Y
D222D,2023-02-17,D2,22,D,LV3,7,13,2.8,NA
D224C,2023-02-17,D2,24,C,IH,4,11,3.7,NA
D225D,2023-02-17,D2,25,D,FR,6,10,0.5,NA
D226D,2023-02-17,D2,26,D,SC,5,11,2.8,NA
D227C,2023-02-17,D2,27,C,BH,7,5,3.4,NA
D227D,2023-02-17,D2,27,D,SC,4,10,3.7,NA
D229C,2023-02-17,D2,29,C,BH,4,13,3.4,NA
D229D,2023-02-17,D2,29,D,BH,2,9,3.3,NA
D230D,2023-02-17,D2,30,D,BH,1,10,2.1,NA
D235C,2023-02-17,D2,35,C,SC,6,11,2.4,Y
D235D,2023-02-17,D2,35,D,BH,3,6,4,NA
D239C,2023-02-17,D2,39,C,WL1,7,16,1.7,NA
D239D,2023-02-17,D2,39,D,WL1,6,21,2.8,NA
D240C,2023-02-17,D2,40,C,TM2,2,1,3.3,NA
D240D,2023-02-17,D2,40,D,YO7,7,11,1.8,NA
D241C,2023-02-17,D2,41,C,WL1,7,2,1.5,NA
D241D,2023-02-17,D2,41,D,IH,2,9,4.1,NA
F13B,2023-02-17,F1,3,B,CP2,5,13,2,NA
F14B,2023-02-17,F1,4,B,SQ3,3,4,0.7,NA
F15B,2023-02-17,F1,5,B,LVTR1,6,12,1.5,NA
F16A,2023-02-17,F1,6,A,CP2,4,4,1.6,NA
F16B,2023-02-17,F1,6,B,WL2,4,1,3.1,NA
F17B,2023-02-17,F1,7,B,IH,4,20,6.1,NA
F18A,2023-02-17,F1,8,A,TM2,2,2,10.2,NA
F18B,2023-02-17,F1,8,B,SC,5,13,2,NA
F19A,2023-02-17,F1,9,A,DPR,2,5,6,NA
F111A,2023-02-17,F1,11,A,FR,5,9,3.9,NA
F112A,2023-02-17,F1,12,A,CC,6,3,6.1,NA
F112B,2023-02-17,F1,12,B,TM2,1,3,6.5,NA
F114A,2023-02-17,F1,14,A,IH,4,12,4.1,NA
F115A,2023-02-17,F1,15,A,BH,6,9,4.1,NA
F116A,2023-02-17,F1,16,A,WL1,2,2,2.7,NA
F117B,2023-02-17,F1,17,B,BH,2,10,3,NA
F118B,2023-02-17,F1,18,B,WL1,1,22,2,NA
F119A,2023-02-17,F1,19,A,WL2,5,11,3,NA
F120B,2023-02-17,F1,20,B,CC,2,4,5.6,NA
F224A,2023-02-17,F2,24,A,TM2,3,13,2.8,NA
F225B,2023-02-17,F2,25,B,WL1,6,7,4.8,NA
F227B,2023-02-17,F2,27,B,WL2,3,13,1.2,NA
F228B,2023-02-17,F2,28,B,WL1,6,23,3.6,NA
F229B,2023-02-17,F2,29,B,BH,4,5,5.1,NA
F230B,2023-02-17,F2,30,B,WL1,7,28,1.8,NA
F231A,2023-02-17,F2,31,A,CC,7,8,4.1,NA
F231B,2023-02-17,F2,31,B,SC,6,1,1,N
F232A,2023-02-17,F2,32,A,DPR,6,2,2,NA
F232B,2023-02-17,F2,32,B,LV3,5,1,1.6,NA
F233A,2023-02-17,F2,33,A,IH,1,12,2.2,NA
F233B,2023-02-17,F2,33,B,WL1,4,3,1.8,NA
F234A,2023-02-17,F2,34,A,IH,4,13,6.1,NA
F234B,2023-02-17,F2,34,B,YO7,5,5,2,NA
F235A,2023-02-17,F2,35,A,LV3,7,3,2.4,NA
F235B,2023-02-17,F2,35,B,WL1,1,23,1.7,NA
F236A,2023-02-17,F2,36,A,FR,2,12,2.6,NA
F238A,2023-02-17,F2,38,A,CP2,6,4,3,NA
F238B,2023-02-17,F2,38,B,SC,4,1,4.1,NA
F239A,2023-02-17,F2,39,A,TM2,3,2,2.1,NA
F239B,2023-02-17,F2,39,B,SC,5,1,4.1,NA
F240B,2023-02-17,F2,40,B,BH,5,12,4.2,NA
F14C,2023-02-17,F1,4,C,TM2,5,7,12.8,NA
F14D,2023-02-17,F1,4,D,LV3,6,9,1.1,NA
F15C,2023-02-17,F1,5,C,BH,5,26,2.9,NA
F16C,2023-02-17,F1,6,C,DPR,6,9,2.6,NA
F17D,2023-02-17,F1,7,D,BH,7,6,3.1,NA
F18D,2023-02-17,F1,8,D,WL1,2,16,3.2,N
F113C,2023-02-17,F1,13,C,BH,3,7,2.9,NA
F115C,2023-02-17,F1,15,C,BH,4,4,3.5,NA
F117D,2023-02-17,F1,17,D,CC,3,13,4.6,NA
F120D,2023-02-17,F1,20,D,BH,5,1,1.7,NA
F225C,2023-02-17,F2,25,C,BH,7,20,2.2,NA
F225D,2023-02-17,F2,25,D,FR,1,10,4.3,NA
F227C,2023-02-17,F2,27,C,WL1,2,13,2.9,NA
F228C,2023-02-17,F2,28,C,LV3,1,9,1.9,NA
F228D,2023-02-17,F2,28,D,YO4,4,4,1.8,NA
F229C,2023-02-17,F2,29,C,SQ1,1,1,1.7,NA
F230C,2023-02-17,F2,30,C,IH,4,3,3.2,NA
F230D,2023-02-17,F2,30,D,WL1,1,6,4.3,NA
F232C,2023-02-17,F2,32,C,WL1,7,4,2.5,NA
F232D,2023-02-17,F2,32,D,WL1,2,17,1.8,NA
F233C,2023-02-17,F2,33,C,BH,5,17,3.1,NA
F233D,2023-02-17,F2,33,D,BH,2,11,3.7,N
F234C,2023-02-17,F2,34,C,SQ2,6,6,0.6,NA
F234D,2023-02-17,F2,34,D,CC,3,12,5.5,NA
F235C,2023-02-17,F2,35,C,BH,5,27,3.5,NA
F235D,2023-02-17,F2,35,D,BH,2,1,3.6,NA
F238C,2023-02-17,F2,38,C,SQ2,5,5,0.9,NA
F238D,2023-02-17,F2,38,D,SQ3,3,2,1.6,NA
F239C,2023-02-17,F2,39,C,CP2,4,6,1.7,NA
F240C,2023-02-17,F2,40,C,DPR,7,4,6.3,NA
F240D,2023-02-17,F2,40,D,TM2,1,4,12.4,NA
F241C,2023-02-17,F2,41,C,FR,5,13,1.4,N
H14A,2023-02-17,H1,4,A,YO7,2,9,0.4,NA
H14B,2023-02-17,H1,4,B,BH,2,12,5.2,NA
H15A,2023-02-17,H1,5,A,SQ1,7,15,1.6,NA
H15B,2023-02-17,H1,5,B,SC,4,2,5.3,NA
H16A,2023-02-17,H1,6,A,WL1,6,24,4.3,NA
H16B,2023-02-17,H1,6,B,LV3,5,2,3,NA
H17A,2023-02-17,H1,7,A,WR,2,7,3.9,NA
H17B,2023-02-17,H1,7,B,SQ1,1,2,2.4,NA
H18A,2023-02-17,H1,8,A,LV3,4,2,2.5,NA
H18B,2023-02-17,H1,8,B,BH,3,9,3.3,NA
H19A,2023-02-17,H1,9,A,WL1,6,8,2.8,NA
H110A,2023-02-17,H1,10,A,WL2,4,4,0.5,NA
H110B,2023-02-17,H1,10,B,WL1,1,24,2.5,NA
H111A,2023-02-17,H1,11,A,WL1,2,4,4.4,NA
H111B,2023-02-17,H1,11,B,CC,7,2,7.6,NA
H112A,2023-02-17,H1,12,A,YO8,3,5,2.6,NA
H112B,2023-02-17,H1,12,B,FR,2,8,5.1,NA
H113A,2023-02-17,H1,13,A,LVTR1,3,10,2.4,NA
H113B,2023-02-17,H1,13,B,CP2,3,3,3.5,N
H114A,2023-02-17,H1,14,A,BH,5,3,7.4,NA
H114B,2023-02-17,H1,14,B,WL1,5,11,2.6,NA
H115B,2023-02-17,H1,15,B,CC,3,3,6.1,NA
H116A,2023-02-17,H1,16,A,CC,4,10,6.1,NA
H117A,2023-02-17,H1,17,A,BH,4,6,3.5,NA
H117B,2023-02-17,H1,17,B,DPR,5,2,8.1,NA
H118B,2023-02-17,H1,18,B,BH,5,18,3.2,NA
H119A,2023-02-17,H1,19,A,TM2,5,1,6.6,NA
H120A,2023-02-17,H1,20,A,FR,6,3,4,NA
H120B,2023-02-17,H1,20,B,IH,1,9,5.8,NA
H223A,2023-02-17,H2,23,A,YO7,2,3,0.8,NA
H223B,2023-02-17,H2,23,B,WL1,1,15,2.3,NA
H224B,2023-02-17,H2,24,B,BH,5,29,4.6,NA
H225A,2023-02-17,H2,25,A,IH,4,5,4.3,NA
H226B,2023-02-17,H2,26,B,LV3,1,14,2.4,NA
H227A,2023-02-17,H2,27,A,BH,5,4,3.9,NA
H228B,2023-02-17,H2,28,B,SC,5,4,3.9,NA
H229A,2023-02-17,H2,29,A,IH,7,14,3.1,NA
H229B,2023-02-17,H2,29,B,BH,5,19,3.1,NA
H230B,2023-02-17,H2,30,B,WL1,1,25,2.6,NA
H231A,2023-02-17,H2,31,A,SQ1,7,8,1.1,NA
H231B,2023-02-17,H2,31,B,YO8,3,6,1,NA
H233B,2023-02-17,H2,33,B,BH,4,7,2.5,NA
H234B,2023-02-17,H2,34,B,CC,4,7,2.9,NA
H235A,2023-02-17,H2,35,A,TM2,5,5,7.2,NA
H236B,2023-02-17,H2,36,B,TM2,3,1,7.7,NA
H239B,2023-02-17,H2,39,B,BH,6,2,3.9,NA
H13C,2023-02-17,H1,3,C,WL1,1,14,1.6,NA
H14D,2023-02-17,H1,4,D,WL2,3,7,0.1,NA
H15C,2023-02-17,H1,5,C,BH,5,28,4.7,NA
H16C,2023-02-17,H1,6,C,TM2,1,5,11.2,NA
H16D,2023-02-17,H1,6,D,LV3,4,1,1.5,NA
H17C,2023-02-17,H1,7,C,DPR,2,10,8.2,NA
H18C,2023-02-17,H1,8,C,SQ1,6,7,0.7,NA
H18D,2023-02-17,H1,8,D,YO11,5,13,2.2,NA
H19D,2023-02-17,H1,9,D,CC,2,2,4,NA
H110C,2023-02-17,H1,10,C,BH,6,11,4,NA
H110D,2023-02-17,H1,10,D,WL1,7,5,3.4,NA
H111C,2023-02-17,H1,11,C,WL1,1,7,2.5,NA
H111D,2023-02-17,H1,11,D,WL1,4,4,3.4,NA
H112C,2023-02-17,H1,12,C,SQ1,2,5,2.3,NA
H113D,2023-02-17,H1,13,D,YO7,8,2,2,NA
H114C,2023-02-17,H1,14,C,LV3,8,2,1.9,NA
H114D,2023-02-17,H1,14,D,SC,5,3,2,NA
H115C,2023-02-17,H1,15,C,CP2,3,10,0.2,NA
H115D,2023-02-17,H1,15,D,BH,5,13,4.5,NA
H116C,2023-02-17,H1,16,C,CP2,10,2,1.6,NA
H116D,2023-02-17,H1,16,D,IH,7,6,4.1,NA
H117D,2023-02-17,H1,17,D,TM2,2,13,5.9,NA
H119C,2023-02-17,H1,19,C,BH,7,21,4.1,NA
H119D,2023-02-17,H1,19,D,LV1,4,5,0.9,NA
H222D,2023-02-17,H2,22,D,BH,2,3,2.4,NA
H223C,2023-02-17,H2,23,C,BH,7,22,3.2,NA
H223D,2023-02-17,H2,23,D,WL1,6,9,3.1,NA
H224C,2023-02-17,H2,24,C,LV3,8,6,1.9,NA
H225C,2023-02-17,H2,25,C,DPR,2,6,7.8,NA
H226C,2023-02-17,H2,26,C,WL1,4,5,4.5,N
H227D,2023-02-17,H2,27,D,BH,6,12,3.8,NA
H228: C,2023-02-17,H2,28,: C,WL1,3,1,1.9,NA
H229C,2023-02-17,H2,29,C,FR,1,13,7.1,NA
H229D,2023-02-17,H2,29,D,LV3,7,6,2.5,NA
H230D,2023-02-17,H2,30,D,TM2,1,6,9.6,NA
H231C,2023-02-17,H2,31,C,CP2,6,10,1.6,NA
H232C,2023-02-17,H2,32,C,SC,6,3,3.3,NA
H232D,2023-02-17,H2,32,D,CP2,3,4,0.8,NA
H233C,2023-02-17,H2,33,C,LVTR1,3,12,1.8,NA
H234C,2023-02-17,H2,34,C,CP2,3,6,2.6,NA
H234D,2023-02-17,H2,34,D,LV3,5,3,1.6,NA
H235C,2023-02-17,H2,35,C,BH,2,13,2.2,NA
H236C,2023-02-17,H2,36,C,CC,2,1,6.2,NA
H237D,2023-02-17,H2,37,D,IH,7,7,1.7,NA
H238D,2023-02-17,H2,38,D,SQ3,6,10,1.1,NA
J13A,2023-02-17,J1,3,A,WL1,6,26,2.5,NA
J14A,2023-02-17,J1,4,A,SQ1,7,9,2.4,NA
J14B,2023-02-17,J1,4,B,BH,2,4,2.6,NA
J15A,2023-02-17,J1,5,A,LV3,6,7,1,NA
J15B,2023-02-17,J1,5,B,TM2,3,10,3.1,NA
J16B,2023-02-17,J1,6,B,DPR,6,10,3.6,NA
J17B,2023-02-17,J1,7,B,SQ1,2,3,2.1,NA
J18A,2023-02-17,J1,8,A,TM2,4,10,8.8,NA
J18B,2023-02-17,J1,8,B,FR,1,1,4.8,NA
J19B,2023-02-17,J1,9,B,SC,4,4,3.4,NA
J110A,2023-02-17,J1,10,A,CC,3,2,6.5,N
J111A,2023-02-17,J1,11,A,LV3,6,13,2.5,NA
J112B,2023-02-17,J1,12,B,CC,4,4,4.5,NA
J113A,2023-02-17,J1,13,A,SQ1,7,17,3.5,NA
J113B,2023-02-17,J1,13,B,IH,6,13,6.2,NA
J114B,2023-02-17,J1,14,B,IH,4,6,4.3,NA
J116B,2023-02-17,J1,16,B,SC,6,4,4.5,NA
J117A,2023-02-17,J1,17,A,WL1,4,6,3,NA
J118A,2023-02-17,J1,18,A,YO8,7,10,3.5,NA
J119A,2023-02-17,J1,19,A,WL2,1,13,1.1,NA
J119B,2023-02-17,J1,19,B,BH,3,11,4.2,NA
J120A,2023-02-17,J1,20,A,LV3,1,12,1.8,NA
J121B,2023-02-17,J1,21,B,WL1,6,16,2.9,NA
J222A,2023-02-17,J2,22,A,WL1,7,22,2.5,NA
J223A,2023-02-17,J2,23,A,WL1,2,7,3.2,NA
J223B,2023-02-17,J2,23,B,WL1,1,27,1.4,NA
J224A,2023-02-17,J2,24,A,LVTR1,6,11,2.9,NA
J224B,2023-02-17,J2,24,B,IH,4,15,3.1,NA
J225A,2023-02-17,J2,25,A,SC,6,5,3.4,NA
J225B,2023-02-17,J2,25,B,WL1,6,27,2.6,NA
J226B,2023-02-17,J2,26,B,FR,7,9,3.5,NA
J227A,2023-02-17,J2,27,A,LV3,1,13,3.1,NA
J227B,2023-02-17,J2,27,B,YO7,4,12,2.4,N
J228A,2023-02-17,J2,28,A,CC,5,6,3.6,NA
J228B,2023-02-17,J2,28,B,WL2,3,4,1,NA
J229A,2023-02-17,J2,29,A,IH,4,7,5.2,NA
J229B,2023-02-17,J2,29,B,TM2,1,10,5,NA
J230A,2023-02-17,J2,30,A,CP2,7,7,0.9,NA
J231A,2023-02-17,J2,31,A,TM2,4,12,8.2,NA
J231B,2023-02-17,J2,31,B,FR,4,2,2,NA
J232B,2023-02-17,J2,32,B,DPR,6,11,2.1,NA
J233A,2023-02-17,J2,33,A,BH,3,2,3.1,NA
J233B,2023-02-17,J2,33,B,TM2,2,6,6.1,NA
J234A,2023-02-17,J2,34,A,FR,2,2,3,NA
J234B,2023-02-17,J2,34,B,WL1,1,17,2.2,NA
J235A,2023-02-17,J2,35,A,LV3,7,9,1.9,NA
J237B,2023-02-17,J2,37,B,BH,1,7,2.7,NA
J238A,2023-02-17,J2,38,A,SQ1,7,10,1.9,NA
J238B,2023-02-17,J2,38,B,CC,3,9,3.5,NA
J239A,2023-02-17,J2,39,A,WL1,1,10,2.4,NA
J239B,2023-02-17,J2,39,B,SQ1,1,5,2,NA
J240A,2023-02-17,J2,40,A,CP2,3,2,2.8,NA
J241B,2023-02-17,J2,41,B,BH,6,4,4.5,NA
J13C,2023-02-17,J1,3,C,SQ3,6,12,0.1,NA
J13D,2023-02-17,J1,3,D,CP2,1,6,0.1,NA
J14C,2023-02-17,J1,4,C,IH,7,8,2.8,NA
J16D,2023-02-17,J1,6,D,WL1,7,21,1.3,NA
J17C,2023-02-17,J1,7,C,LV3,5,5,2.3,NA
J19C,2023-02-17,J1,9,C,BH,5,30,5.5,NA
J19D,2023-02-17,J1,9,D,CC,2,6,3.1,NA
J110C,2023-02-17,J1,10,C,BH,3,1,1.9,NA
J113C,2023-02-17,J1,13,C,TM2,6,7,6.6,NA
J114C,2023-02-17,J1,14,C,WL1,6,10,1.9,NA
J114D,2023-02-17,J1,14,D,BH,4,8,3.4,NA
J117C,2023-02-17,J1,17,C,WL2,4,6,1.6,NA
J118D,2023-02-17,J1,18,D,LV3,7,8,1.9,N
J119C,2023-02-17,J1,19,C,BH,5,20,5.3,NA
J120C,2023-02-17,J1,20,C,CP2,3,12,1.1,NA
J223D,2023-02-17,J2,23,D,BH,4,9,1.7,NA
J225D,2023-02-17,J2,25,D,BH,2,5,1.9,NA
J226C,2023-02-17,J2,26,C,YO8,7,6,2.7,NA
J227D,2023-02-17,J2,27,D,IH,7,9,3.2,NA
J229C,2023-02-17,J2,29,C,YO11,2,2,3.6,NA
J230C,2023-02-17,J2,30,C,BH,4,14,5.3,NA
J231C,2023-02-17,J2,31,C,BH,5,6,7.1,NA
J231D,2023-02-17,J2,31,D,BH,7,14,4.8,NA
J232D,2023-02-17,J2,32,D,BH,3,12,3.4,NA
J233D,2023-02-17,J2,33,D,LV3,6,5,1.8,NA
J236C,2023-02-17,J2,36,C,CC,5,5,4.9,NA
J236D,2023-02-17,J2,36,D,BH,5,21,25,NA
J237C,2023-02-17,J2,37,C,WL1,7,8,1.7,NA
J239C,2023-02-17,J2,39,C,CC,2,3,7.7,NA
J240D,2023-02-17,J2,40,D,WL1,6,11,1.4,NA
L13B,2023-02-17,L1,3,B,IH,4,8,4.1,NA
L14A,2023-02-17,L1,4,A,SC,5,8,4.4,NA
L15A,2023-02-17,L1,5,A,WL2,3,100,0.3,NA
L15B,2023-02-17,L1,5,B,BH,2,6,2.9,NA
L16A,2023-02-17,L1,6,A,TM2,1,11,7.4,N
L17B,2023-02-17,L1,7,B,SQ2,5,7,1.3,NA
L18A,2023-02-17,L1,8,A,CC,4,6,4.1,NA
L18B,2023-02-17,L1,8,B,BH,7,2,2.7,NA
L110A,2023-02-17,L1,10,A,BH,2,14,0.6,NA
L110B,2023-02-17,L1,10,B,SC,1,9,2.1,NA
L111A,2023-02-17,L1,11,A,CP2,3,8,1.6,NA
L111B,2023-02-17,L1,11,B,BH,3,3,2.1,NA
L112A,2023-02-17,L1,12,A,WL2,4,9,3.1,N
L112B,2023-02-17,L1,12,B,SC,6,6,3.1,NA
L113A,2023-02-17,L1,13,A,FR,6,12,2.5,NA
L114B,2023-02-17,L1,14,B,YO7,8,3,1.5,NA
L115B,2023-02-17,L1,15,B,TM2,3,12,6.1,NA
L118A,2023-02-17,L1,18,A,TM2,7,11,7,NA
L119B,2023-02-17,L1,19,B,DPR,4,11,3.7,NA
L120A,2023-02-17,L1,20,A,BH,7,15,2.3,NA
L121A,2023-02-17,L1,21,A,TM2,2,5,6,NA
L122A,2023-02-17,L1,22,A,LV3,4,6,2,NA
L225A,2023-02-17,L2,25,A,CP2,5,10,0.3,NA
L226A,2023-02-17,L2,26,A,SC,4,7,3.5,NA
L230A,2023-02-17,L2,30,A,TM2,1,12,14.8,NA
L232A,2023-02-17,L2,32,A,CC,5,3,5.9,NA
L234A,2023-02-17,L2,34,A,WL1,6,13,3,NA
L234B,2023-02-17,L2,34,B,TM2,5,8,7.5,NA
L235A,2023-02-17,L2,35,A,TM2,4,9,8.2,NA
L237B,2023-02-17,L2,37,B,DPR,6,3,4,NA
L13C,2023-02-17,L1,3,C,SQ3,4,3,0.4,NA
L13D,2023-02-17,L1,3,D,SQ1,7,11,24,NA
L14D,2023-02-17,L1,4,D,BH,4,10,2.2,NA
L15C,2023-02-17,L1,5,C,YO7,2,1,0.1,NA
L15D,2023-02-17,L1,5,D,WL1,1,11,3.4,NA
L16C,2023-02-17,L1,6,C,LV3,1,4,2.7,NA
L16D,2023-02-17,L1,6,D,WL1,6,18,3.3,NA
L17C,2023-02-17,L1,7,C,WR,2,2,1.4,NA
L17D,2023-02-17,L1,7,D,SC,4,6,2.9,NA
L18C,2023-02-17,L1,8,C,WL1,6,12,2.2,NA
L18D,2023-02-17,L1,8,D,WL1,7,9,2.6,NA
L110C,2023-02-17,L1,10,C,WL1,1,1,0.4,NA
L110D,2023-02-17,L1,10,D,LV3,8,1,2.2,NA
L111D,2023-02-17,L1,11,D,IH,7,10,1.7,NA
L112C,2023-02-17,L1,12,C,SQ1,2,9,0.1,NA
L113C,2023-02-17,L1,13,C,BH,3,13,2.2,NA
L113D,2023-02-17,L1,13,D,BH,5,22,4.7,NA
L115D,2023-02-17,L1,15,D,WL1,4,8,2.8,NA
L116C,2023-02-17,L1,16,C,BH,6,5,4.4,NA
L116D,2023-02-17,L1,16,D,DPR,6,13,4,NA
L117C,2023-02-17,L1,17,C,CC,7,3,4.9,NA
L119C,2023-02-17,L1,19,C,WL2,7,3,2.2,NA
L119D,2023-02-17,L1,19,D,SQ2,6,12,1.7,NA
L120D,2023-02-17,L1,20,D,LV3,7,10,2.1,NA
L121D,2023-02-17,L1,21,D,SQ1,1,6,0.8,NA
L226C,2023-02-17,L2,26,C,WR,1,7,0.4,NA
L227C,2023-02-17,L2,27,C,SQ3,3,3,1.1,NA
L227D,2023-02-17,L2,27,D,WL1,4,9,2.2,NA
L228C,2023-02-17,L2,28,C,BH,6,6,2.4,NA
L228D,2023-02-17,L2,28,D,BH,2,7,2.8,NA
L229D,2023-02-17,L2,29,D,BH,3,14,1.9,NA
L230C,2023-02-17,L2,30,C,BH,4,11,4.4,NA
L230D,2023-02-17,L2,30,D,TM2,3,4,5.8,NA
L231C,2023-02-17,L2,31,C,SC,1,8,3.2,NA
L231D,2023-02-17,L2,31,D,LV3,5,9,1.7,NA
L232C,2023-02-17,L2,32,C,CP2,1,1,0.5,NA
L233C,2023-02-17,L2,33,C,DPR,2,2,5.7,2
L234C,2023-02-17,L2,34,C,BH,5,8,4.1,NA
L235C,2023-02-17,L2,35,C,WL1,7,10,4.6,NA
L237D,2023-02-17,L2,37,D,BH,7,16,3.6,NA
L238C,2023-02-17,L2,38,C,SQ1,7,2,3.8,NA
L239C,2023-02-17,L2,39,C,LV3,7,11,2.2,NA
L239D,2023-02-17,L2,39,D,YO7,4,2,0.8,NA
L240C,2023-02-17,L2,40,C,IH,7,11,4.9,NA
L240D,2023-02-17,L2,40,D,BH,7,13,4.1,NA
L241C,2023-02-17,L2,41,C,FR,4,13,2.6,NA
L241D,2023-02-17,L2,41,D,BH,4,1,3.5,NA
L242D,2023-02-17,L2,42,D,IH,4,9,2.7,NA
D13A,2023-03-03,D1,3,A,WL2,4,11,2.1,NA
D18B,2023-03-03,D1,8,B,BH,6,7,3.3,NA
D19A,2023-03-03,D1,9,A,SC,4,8,4.8,NA
D110B,2023-03-03,D1,10,B,TM2,2,4,9.8,NA
D112A,2023-03-03,D1,12,A,CC,7,4,5.7,NA
D112B,2023-03-03,D1,12,B,TM2,5,9,7.3,NA
D113B,2023-03-03,D1,13,B,WL1,1,3,4.5,NA
D114B,2023-03-03,D1,14,B,YO7,4,7,1.9,NA
D117B,2023-03-03,D1,17,B,WL1,7,15,2.6,NA
D118B,2023-03-03,D1,18,B,IH,4,10,6.2,NA
D120A,2023-03-03,D1,20,A,BH,4,2,6.5,NA
D120B,2023-03-03,D1,20,B,WL2,5,6,2.6,NA
D222B,2023-03-03,D2,22,B,SQ1,4,4,1.9,NA
D225A,2023-03-03,D2,25,A,DPR,2,7,9.3,NA
D226B,2023-03-03,D2,26,B,BH,5,15,4.2,NA
D227B,2023-03-03,D2,27,B,DPR,4,9,7.9,NA
D229A,2023-03-03,D2,29,A,IH,7,3,7.1,NA
D230B,2023-03-03,D2,30,B,BH,4,3,4.9,NA
D231B,2023-03-03,D2,31,B,TM2,4,11,8.8,NA
D232A,2023-03-03,D2,32,A,LV3,2,3,2.5,NA
D233B,2023-03-03,D2,33,B,BH,6,8,4,NA
D235A,2023-03-03,D2,35,A,CC,1,11,5.9,NA
D237B,2023-03-03,D2,37,B,TM2,6,5,15,NA
D239A,2023-03-03,D2,39,A,CC,5,7,3.9,NA
D239B,2023-03-03,D2,39,B,CC,4,5,5.8,NA
D240B,2023-03-03,D2,40,B,WR,3,7,4.4,NA
D14D,2023-03-03,D1,4,D,YO7,8,1,1.4,NA
D16C,2023-03-03,D1,6,C,BH,4,12,5.9,NA
D19C,2023-03-03,D1,9,C,BH,1,8,2.7,NA
D110D,2023-03-03,D1,10,D,IH,7,2,2.1,NA
D117D,2023-03-03,D1,17,D,IH,7,12,4.2,NA
D119D,2023-03-03,D1,19,D,BH,5,9,1.4,NA
D121C,2023-03-03,D1,21,C,SC,5,10,0.9,NA
D224C,2023-03-03,D2,24,C,IH,4,11,4.1,NA
D225D,2023-03-03,D2,25,D,FR,6,10,0.4,NA
D229C,2023-03-03,D2,29,C,BH,4,13,4.7,NA
D229D,2023-03-03,D2,29,D,BH,2,9,4.8,NA
D235D,2023-03-03,D2,35,D,BH,3,6,5.2,NA
D240D,2023-03-03,D2,40,D,YO7,7,11,2.9,NA
F14B,2023-03-03,F1,4,B,SQ3,3,4,0.8,NA
F15B,2023-03-03,F1,5,B,LVTR1,6,12,1.3,NA
F16A,2023-03-03,F1,6,A,CP2,4,4,1.1,NA
F16B,2023-03-03,F1,6,B,WL2,4,1,2.5,NA
F17B,2023-03-03,F1,7,B,IH,4,20,5.1,NA
F18A,2023-03-03,F1,8,A,TM2,2,2,14.6,NA
F111A,2023-03-03,F1,11,A,FR,5,9,4.1,NA
F115A,2023-03-03,F1,15,A,BH,6,9,5.5,NA
F118B,2023-03-03,F1,18,B,WL1,1,22,1.9,NA
F119A,2023-03-03,F1,19,A,WL2,5,11,2.8,NA
F227B,2023-03-03,F2,27,B,WL2,3,13,1.9,NA
F228B,2023-03-03,F2,28,B,WL1,6,23,4,NA
F229B,2023-03-03,F2,29,B,BH,4,5,5,NA
F231A,2023-03-03,F2,31,A,CC,7,8,5.4,NA
F231B,2023-03-03,F2,31,B,SC,6,1,1.1,NA
F232A,2023-03-03,F2,32,A,DPR,6,2,2.7,NA
F233B,2023-03-03,F2,33,B,WL1,4,3,1.9,NA
F234A,2023-03-03,F2,34,A,IH,4,13,7.3,NA
F234B,2023-03-03,F2,34,B,YO7,5,5,1.8,NA
F235B,2023-03-03,F2,35,B,WL1,1,23,2,NA
F238A,2023-03-03,F2,38,A,CP2,6,4,2.7,NA
F238B,2023-03-03,F2,38,B,SC,4,1,4.1,NA
F240B,2023-03-03,F2,40,B,BH,5,12,4.3,NA
F14C,2023-03-03,F1,4,C,TM2,5,7,15.7,NA
F14D,2023-03-03,F1,4,D,LV3,6,9,2.4,NA
F15C,2023-03-03,F1,5,C,BH,5,26,2.9,NA
F16C,2023-03-03,F1,6,C,DPR,6,9,4.3,NA
F18D,2023-03-03,F1,8,D,WL1,2,16,3.7,NA
F113C,2023-03-03,F1,13,C,BH,3,7,3.8,NA
F115C,2023-03-03,F1,15,C,BH,4,4,4.9,NA
F117D,2023-03-03,F1,17,D,CC,3,13,5.7,NA
F225D,2023-03-03,F2,25,D,FR,1,10,4.4,NA
F227C,2023-03-03,F2,27,C,WL1,2,13,3.4,NA
F228C,2023-03-03,F2,28,C,LV3,1,9,1.9,NA
F232C,2023-03-03,F2,32,C,WL1,7,4,2.9,NA
F234C,2023-03-03,F2,34,C,SQ2,6,6,1.1,NA
F235C,2023-03-03,F2,35,C,BH,5,27,4.2,NA
F235D,2023-03-03,F2,35,D,BH,2,1,4.5,NA
F238C,2023-03-03,F2,38,C,SQ2,5,5,1.9,NA
F239C,2023-03-03,F2,39,C,CP2,4,6,1.7,NA
F240C,2023-03-03,F2,40,C,DPR,7,4,5.8,NA
F240D,2023-03-03,F2,40,D,TM2,1,4,13.4,NA
F241C,2023-03-03,F2,41,C,FR,5,13,1.5,NA
H14A,2023-03-03,H1,4,A,YO7,2,9,0.5,N
H14B,2023-03-03,H1,4,B,BH,2,12,5.1,NA
H15A,2023-03-03,H1,5,A,SQ1,7,15,1.9,NA
H15B,2023-03-03,H1,5,B,SC,4,2,6.2,NA
H16A,2023-03-03,H1,6,A,WL1,6,24,5.4,NA
H16B,2023-03-03,H1,6,B,LV3,5,2,2.6,NA
H17A,2023-03-03,H1,7,A,WR,2,7,4.6,NA
H17B,2023-03-03,H1,7,B,SQ1,1,2,1.8,NA
H18A,2023-03-03,H1,8,A,LV3,4,2,2.1,NA
H18B,2023-03-03,H1,8,B,BH,3,9,3.5,NA
H19A,2023-03-03,H1,9,A,WL1,6,8,3.2,NA
H110A,2023-03-03,H1,10,A,WL2,4,4,1.1,NA
H110B,2023-03-03,H1,10,B,WL1,1,24,2.4,NA
H111A,2023-03-03,H1,11,A,WL1,2,4,5,NA
H111B,2023-03-03,H1,11,B,CC,7,2,8.6,NA
H112A,2023-03-03,H1,12,A,YO8,3,5,3.2,NA
H112B,2023-03-03,H1,12,B,FR,2,8,5.5,NA
H113A,2023-03-03,H1,13,A,LVTR1,3,10,2.6,NA
H113B,2023-03-03,H1,13,B,CP2,3,3,4.2,NA
H114A,2023-03-03,H1,14,A,BH,5,3,6.9,NA
H115B,2023-03-03,H1,15,B,CC,3,3,6.4,NA
H116A,2023-03-03,H1,16,A,CC,4,10,8,NA
H117A,2023-03-03,H1,17,A,BH,4,6,3.3,NA
H117B,2023-03-03,H1,17,B,DPR,5,2,10.1,NA
H118B,2023-03-03,H1,18,B,BH,5,18,5,NA
H119A,2023-03-03,H1,19,A,TM2,5,1,11.4,NA
H119B,2023-03-03,H1,19,B,SQ1,7,7,1.6,NA
H120A,2023-03-03,H1,20,A,FR,6,3,3.6,NA
H120B,2023-03-03,H1,20,B,IH,1,9,7.7,NA
H223A,2023-03-03,H2,23,A,YO7,2,3,0.2,NA
H223B,2023-03-03,H2,23,B,WL1,1,15,3.2,NA
H224B,2023-03-03,H2,24,B,BH,5,29,9.3,NA
H225A,2023-03-03,H2,25,A,IH,4,5,6,NA
H226B,2023-03-03,H2,26,B,LV3,1,14,2.9,NA
H227A,2023-03-03,H2,27,A,BH,5,4,3.9,NA
H228A,2023-03-03,H2,28,A,WL1,1,8,1.6,NA
H228B,2023-03-03,H2,28,B,SC,5,4,4.1,NA
H229A,2023-03-03,H2,29,A,IH,7,14,4.2,NA
H229B,2023-03-03,H2,29,B,BH,5,19,4.4,NA
H230B,2023-03-03,H2,30,B,WL1,1,25,3.3,NA
H231B,2023-03-03,H2,31,B,YO8,3,6,0.7,NA
H233B,2023-03-03,H2,33,B,BH,4,7,2.5,NA
H234B,2023-03-03,H2,34,B,CC,4,7,3.5,NA
H235A,2023-03-03,H2,35,A,TM2,5,5,9.4,NA
H236B,2023-03-03,H2,36,B,TM2,3,1,10.8,NA
H239B,2023-03-03,H2,39,B,BH,6,2,3.5,NA
H14D,2023-03-03,H1,4,D,WL2,3,7,0.3,NA
H15C,2023-03-03,H1,5,C,BH,5,28,5.3,NA
H16C,2023-03-03,H1,6,C,TM2,1,5,13.5,NA
H16D,2023-03-03,H1,6,D,LV3,4,1,1.4,NA
H17C,2023-03-03,H1,7,C,DPR,2,10,9.2,NA
H18C,2023-03-03,H1,8,C,SQ1,6,7,1.1,NA
H18D,2023-03-03,H1,8,D,YO11,5,13,2.1,NA
H110C,2023-03-03,H1,10,C,BH,6,11,3.7,NA
H110D,2023-03-03,H1,10,D,WL1,7,5,2.6,NA
H111C,2023-03-03,H1,11,C,WL1,1,7,2.3,NA
H111D,2023-03-03,H1,11,D,WL1,4,4,3.3,NA
H112C,2023-03-03,H1,12,C,SQ1,2,5,2.4,NA
H113D,2023-03-03,H1,13,D,YO7,8,2,0.6,NA
H114C,2023-03-03,H1,14,C,LV3,8,2,1.8,NA
H114D,2023-03-03,H1,14,D,SC,5,3,2.8,NA
H115C,2023-03-03,H1,15,C,CP2,3,10,0.8,NA
H115D,2023-03-03,H1,15,D,BH,5,13,4.8,NA
H116C,2023-03-03,H1,16,C,CP2,10,2,1.4,NA
H116D,2023-03-03,H1,16,D,IH,7,6,3.4,NA
H119C,2023-03-03,H1,19,C,BH,7,21,4.6,NA
H222D,2023-03-03,H2,22,D,BH,2,3,3.1,NA
H223C,2023-03-03,H2,23,C,BH,7,22,3.4,NA
H224C,2023-03-03,H2,24,C,LV3,8,6,2.1,NA
H225C,2023-03-03,H2,25,C,DPR,2,6,7.6,NA
H229C,2023-03-03,H2,29,C,FR,1,13,7.4,NA
H229D,2023-03-03,H2,29,D,LV3,7,6,1.8,NA
H230D,2023-03-03,H2,30,D,TM2,1,6,12.4,NA
H232C,2023-03-03,H2,32,C,SC,6,3,3.5,NA
H232D,2023-03-03,H2,32,D,CP2,3,4,0.4,NA
H235C,2023-03-03,H2,35,C,BH,2,13,2.8,NA
H236C,2023-03-03,H2,36,C,CC,2,1,5.9,NA
H237D,2023-03-03,H2,37,D,IH,7,7,1.5,NA
H238D,2023-03-03,H2,38,D,SQ3,6,10,1.3,N
J13A,2023-03-03,J1,3,A,WL1,6,26,2.8,NA
J14A,2023-03-03,J1,4,A,SQ1,7,9,2.5,NA
J14B,2023-03-03,J1,4,B,BH,2,4,3.6,NA
J15A,2023-03-03,J1,5,A,LV3,6,7,2,NA
J15B,2023-03-03,J1,5,B,TM2,3,10,3.6,NA
J16B,2023-03-03,J1,6,B,DPR,6,10,4.5,NA
J17B,2023-03-03,J1,7,B,SQ1,2,3,2.3,NA
J18A,2023-03-03,J1,8,A,TM2,4,10,12.5,NA
J18B,2023-03-03,J1,8,B,FR,1,1,5.2,NA
J19B,2023-03-03,J1,9,B,SC,4,4,3.5,NA
J111A,2023-03-03,J1,11,A,LV3,6,13,3.1,NA
J112B,2023-03-03,J1,12,B,CC,4,4,5.8,NA
J113A,2023-03-03,J1,13,A,SQ1,7,17,3.6,NA
J113B,2023-03-03,J1,13,B,IH,6,13,8.4,NA
J116B,2023-03-03,J1,16,B,SC,6,4,5,NA
J117A,2023-03-03,J1,17,A,WL1,4,6,2.9,NA
J118A,2023-03-03,J1,18,A,YO8,7,10,4.7,NA
J119A,2023-03-03,J1,19,A,WL2,1,13,1,NA
J119B,2023-03-03,J1,19,B,BH,3,11,5.6,NA
J120A,2023-03-03,J1,20,A,LV3,1,12,1.7,NA
J121B,2023-03-03,J1,21,B,WL1,6,16,3.1,NA
J222A,2023-03-03,J2,22,A,WL1,7,22,2.6,NA
J223A,2023-03-03,J2,23,A,WL1,2,7,4.3,NA
J223B,2023-03-03,J2,23,B,WL1,1,27,2,N
J224A,2023-03-03,J2,24,A,LVTR1,6,11,3.7,NA
J224B,2023-03-03,J2,24,B,IH,4,15,5.5,NA
J225A,2023-03-03,J2,25,A,SC,6,5,5,NA
J227A,2023-03-03,J2,27,A,LV3,1,13,3.6,NA
J227B,2023-03-03,J2,27,B,YO7,4,12,2.9,NA
J228A,2023-03-03,J2,28,A,CC,5,6,4.3,NA
J228B,2023-03-03,J2,28,B,WL2,3,4,0.9,NA
J229A,2023-03-03,J2,29,A,IH,4,7,7.1,NA
J229B,2023-03-03,J2,29,B,TM2,1,10,7,NA
J230A,2023-03-03,J2,30,A,CP2,7,7,2.2,NA
J231A,2023-03-03,J2,31,A,TM2,4,12,11.1,NA
J232B,2023-03-03,J2,32,B,DPR,6,11,4.4,NA
J233A,2023-03-03,J2,33,A,BH,3,2,4.6,NA
J233B,2023-03-03,J2,33,B,TM2,2,6,9,NA
J234A,2023-03-03,J2,34,A,FR,2,2,3.1,NA
J234B,2023-03-03,J2,34,B,WL1,1,17,3.1,NA
J237B,2023-03-03,J2,37,B,BH,1,7,4.8,NA
J238A,2023-03-03,J2,38,A,SQ1,7,10,3.5,NA
J239A,2023-03-03,J2,39,A,WL1,1,10,2.3,NA
J239B,2023-03-03,J2,39,B,SQ1,1,5,2.7,NA
J240A,2023-03-03,J2,40,A,CP2,3,2,2.4,NA
J13C,2023-03-03,J1,3,C,SQ3,6,12,0.4,NA
J13D,2023-03-03,J1,3,D,CP2,1,6,0.8,NA
J17C,2023-03-03,J1,7,C,LV3,5,5,2.3,NA
J19C,2023-03-03,J1,9,C,BH,5,30,5.6,NA
J110C,2023-03-03,J1,10,C,BH,3,1,2.2,NA
J113C,2023-03-03,J1,13,C,TM2,6,7,10.1,NA
J114C,2023-03-03,J1,14,C,WL1,6,10,2.5,NA
J114D,2023-03-03,J1,14,D,BH,4,8,3.5,NA
J119C,2023-03-03,J1,19,C,BH,5,20,5.2,NA
J120C,2023-03-03,J1,20,C,CP2,3,12,0.9,NA
J223D,2023-03-03,J2,23,D,BH,4,9,4.9,NA
J225D,2023-03-03,J2,25,D,BH,2,5,1.9,NA
J227D,2023-03-03,J2,27,D,IH,7,9,2.8,NA
J229C,2023-03-03,J2,29,C,YO11,2,2,3.8,NA
J230C,2023-03-03,J2,30,C,BH,4,14,6.3,NA
J231C,2023-03-03,J2,31,C,BH,5,6,7.8,NA
J231D,2023-03-03,J2,31,D,BH,7,14,7.7,NA
J232D,2023-03-03,J2,32,D,BH,3,12,3.5,NA
J233D,2023-03-03,J2,33,D,LV3,6,5,1.1,NA
J236C,2023-03-03,J2,36,C,CC,5,5,5.2,NA
J239C,2023-03-03,J2,39,C,CC,2,3,8.2,NA
L13B,2023-03-03,L1,3,B,IH,4,8,4.5,NA
L14A,2023-03-03,L1,4,A,SC,5,8,5.8,NA
L15A,2023-03-03,L1,5,A,WL2,3,100,0.4,NA
L15B,2023-03-03,L1,5,B,BH,2,6,3.8,NA
L16A,2023-03-03,L1,6,A,TM2,1,11,8.5,NA
L17B,2023-03-03,L1,7,B,SQ2,5,7,2,NA
L18A,2023-03-03,L1,8,A,CC,4,6,5.5,NA
L18B,2023-03-03,L1,8,B,BH,7,2,2.3,NA
L110A,2023-03-03,L1,10,A,BH,2,14,1.2,NA
L111B,2023-03-03,L1,11,B,BH,3,3,2.5,NA
L112A,2023-03-03,L1,12,A,WL2,4,9,3,NA
L114B,2023-03-03,L1,14,B,YO7,8,3,1.8,NA
L115B,2023-03-03,L1,15,B,TM2,3,12,9.1,NA
L118A,2023-03-03,L1,18,A,TM2,7,11,9.7,NA
L225A,2023-03-03,L2,25,A,CP2,5,10,1,NA
L226A,2023-03-03,L2,26,A,SC,4,7,5.1,NA
L230A,2023-03-03,L2,30,A,TM2,1,12,16.4,NA
L232A,2023-03-03,L2,32,A,CC,5,3,6.3,NA
L234B,2023-03-03,L2,34,B,TM2,5,8,11.4,NA
L235A,2023-03-03,L2,35,A,TM2,4,9,10.5,NA
L237B,2023-03-03,L2,37,B,DPR,6,3,5.1,NA
L13C,2023-03-03,L1,3,C,SQ3,4,3,0.5,NA
L13D,2023-03-03,L1,3,D,SQ1,7,11,1.6,NA
L14D,2023-03-03,L1,4,D,BH,4,10,3.6,NA
L15C,2023-03-03,L1,5,C,YO7,2,1,0.2,NA
L15D,2023-03-03,L1,5,D,WL1,1,11,4.7,NA
L16C,2023-03-03,L1,6,C,LV3,1,4,2.8,NA
L16D,2023-03-03,L1,6,D,WL1,6,18,3.3,NA
L17C,2023-03-03,L1,7,C,WR,2,2,3.6,NA
L17D,2023-03-03,L1,7,D,SC,4,6,3.1,NA
L18C,2023-03-03,L1,8,C,WL1,6,12,1.8,NA
L110D,2023-03-03,L1,10,D,LV3,8,1,2.2,NA
L113C,2023-03-03,L1,13,C,BH,3,13,2.4,NA
L113D,2023-03-03,L1,13,D,BH,5,22,4.6,NA
L116C,2023-03-03,L1,16,C,BH,6,5,4.8,NA
L117C,2023-03-03,L1,17,C,CC,7,3,4.8,NA
L119C,2023-03-03,L1,19,C,WL2,7,3,2.1,NA
L227C,2023-03-03,L2,27,C,SQ3,3,3,1.1,NA
L228C,2023-03-03,L2,28,C,BH,6,6,2.2,NA
L228D,2023-03-03,L2,28,D,BH,2,7,3.5,NA
L229D,2023-03-03,L2,29,D,BH,3,14,2.1,NA
L230C,2023-03-03,L2,30,C,BH,4,11,5.1,NA
L230D,2023-03-03,L2,30,D,TM2,3,4,8.2,NA
L231C,2023-03-03,L2,31,C,SC,1,8,4.6,NA
L232C,2023-03-03,L2,32,C,CP2,1,1,0.6,NA
L234C,2023-03-03,L2,34,C,BH,5,8,4.4,NA
L237C,2023-03-03,L2,37,C,SQ2,6,100,0.4,NA
L238C,2023-03-03,L2,38,C,SQ1,7,2,3.8,NA
L239C,2023-03-03,L2,39,C,LV3,7,11,2.4,NA
L239D,2023-03-03,L2,39,D,YO7,4,2,0.5,NA
L240D,2023-03-03,L2,40,D,BH,7,13,4.3,NA
L241D,2023-03-03,L2,41,D,BH,4,1,3.2,NA
L242D,2023-03-03,L2,42,D,IH,4,9,3.6,NA
D13A,2023-03-17,D1,3,A,WL2,4,11,2,NA
D112A,2023-03-17,D1,12,A,CC,7,4,5.4,NA
D112B,2023-03-17,D1,12,B,TM2,5,9,5.6,NA
D114B,2023-03-17,D1,14,B,YO7,4,7,1.8,NA
D120B,2023-03-17,D1,20,B,WL2,5,6,2.9,NA
D222B,2023-03-17,D2,22,B,SQ1,4,4,2.3,NA
D226B,2023-03-17,D2,26,B,BH,5,15,5.3,NA
D229A,2023-03-17,D2,29,A,IH,7,3,8,NA
D230B,2023-03-17,D2,30,B,BH,4,3,6.1,NA
D231B,2023-03-17,D2,31,B,TM2,4,11,9.5,NA
D232A,2023-03-17,D2,32,A,LV3,2,3,2.1,NA
D233B,2023-03-17,D2,33,B,BH,6,8,5.6,NA
D237B,2023-03-17,D2,37,B,TM2,6,5,18.1,NA
D239A,2023-03-17,D2,39,A,CC,5,7,3.9,NA
D239B,2023-03-17,D2,39,B,CC,4,5,5.2,NA
D14D,2023-03-17,D1,4,D,YO7,8,1,1.2,NA
D15D,2023-03-17,D1,5,D,FR,1,12,4.2,NA
D19C,2023-03-17,D1,9,C,BH,1,8,2.6,NA
D117D,2023-03-17,D1,17,D,IH,7,12,4.9,NA
D119D,2023-03-17,D1,19,D,BH,5,9,2.1,NA
D121C,2023-03-17,D1,21,C,SC,5,10,0.9,N
D224C,2023-03-17,D2,24,C,IH,4,11,5.3,NA
D229C,2023-03-17,D2,29,C,BH,4,13,4.3,NA
D229D,2023-03-17,D2,29,D,BH,2,9,4.9,NA
D235D,2023-03-17,D2,35,D,BH,3,6,5.3,NA
D240D,2023-03-17,D2,40,D,YO7,7,11,2.8,NA
F14B,2023-03-17,F1,4,B,SQ3,3,4,0.3,NA
F15B,2023-03-17,F1,5,B,LVTR1,6,12,1.5,NA
F16A,2023-03-17,F1,6,A,CP2,4,4,0.7,NA
F16B,2023-03-17,F1,6,B,WL2,4,1,2.1,NA
F17B,2023-03-17,F1,7,B,IH,4,20,9.3,NA
F18A,2023-03-17,F1,8,A,TM2,2,2,23.9,NA
F111A,2023-03-17,F1,11,A,FR,5,9,3.8,NA
F115A,2023-03-17,F1,15,A,BH,6,9,8,NA
F118B,2023-03-17,F1,18,B,WL1,1,22,3.5,NA
F119A,2023-03-17,F1,19,A,WL2,5,11,2.9,NA
F227B,2023-03-17,F2,27,B,WL2,3,13,2.1,NA
F228B,2023-03-17,F2,28,B,WL1,6,23,4.3,NA
F229B,2023-03-17,F2,29,B,BH,4,5,5.9,NA
F231B,2023-03-17,F2,31,B,SC,6,1,0.7,NA
F232A,2023-03-17,F2,32,A,DPR,6,2,2.5,NA
F234A,2023-03-17,F2,34,A,IH,4,13,8.5,NA
F234B,2023-03-17,F2,34,B,YO7,5,5,3.1,NA
F235B,2023-03-17,F2,35,B,WL1,1,23,2.1,NA
F238A,2023-03-17,F2,38,A,CP2,6,4,4.1,NA
F240B,2023-03-17,F2,40,B,BH,5,12,5.1,NA
F14C,2023-03-17,F1,4,C,TM2,5,7,23.6,NA
F15C,2023-03-17,F1,5,C,BH,5,26,3,NA
F16C,2023-03-17,F1,6,C,DPR,6,9,6.6,NA
F18D,2023-03-17,F1,8,D,WL1,2,16,3.5,NA
F113C,2023-03-17,F1,13,C,BH,3,7,4.1,NA
F115C,2023-03-17,F1,15,C,BH,4,4,4.5,NA
F117D,2023-03-17,F1,17,D,CC,3,13,7.2,NA
F227C,2023-03-17,F2,27,C,WL1,2,13,3.6,NA
F228C,2023-03-17,F2,28,C,LV3,1,9,2.7,NA
F232C,2023-03-17,F2,32,C,WL1,7,4,4.2,NA
F234C,2023-03-17,F2,34,C,SQ2,6,6,1.2,NA
F235C,2023-03-17,F2,35,C,BH,5,27,5.5,NA
F235D,2023-03-17,F2,35,D,BH,2,1,4.6,NA
F238C,2023-03-17,F2,38,C,SQ2,5,5,2.2,NA
F239C,2023-03-17,F2,39,C,CP2,4,6,20,NA
F240C,2023-03-17,F2,40,C,DPR,7,4,10.2,NA
F240D,2023-03-17,F2,40,D,TM2,1,4,19.4,NA
F241C,2023-03-17,F2,41,C,FR,5,13,1.8,NA
H14B,2023-03-17,H1,4,B,BH,2,12,5.5,NA
H15A,2023-03-17,H1,5,A,SQ1,7,15,1.5,NA
H15B,2023-03-17,H1,5,B,SC,4,2,7.8,NA
H16A,2023-03-17,H1,6,A,WL1,6,24,5.5,NA
H17A,2023-03-17,H1,7,A,WR,2,7,3.8,NA
H17B,2023-03-17,H1,7,B,SQ1,1,2,3.3,NA
H18B,2023-03-17,H1,8,B,BH,3,9,6.5,NA
H19A,2023-03-17,H1,9,A,WL1,6,8,4,NA
H110A,2023-03-17,H1,10,A,WL2,4,4,0.3,N
H110B,2023-03-17,H1,10,B,WL1,1,24,2.2,NA
H111A,2023-03-17,H1,11,A,WL1,2,4,5.5,NA
H111B,2023-03-17,H1,11,B,CC,7,2,12.3,NA
H112A,2023-03-17,H1,12,A,YO8,3,5,4,NA
H112B,2023-03-17,H1,12,B,FR,2,8,6.6,NA
H113A,2023-03-17,H1,13,A,LVTR1,3,10,2.5,NA
H113B,2023-03-17,H1,13,B,CP2,3,3,4.5,NA
H114A,2023-03-17,H1,14,A,BH,5,3,6.2,NA
H115B,2023-03-17,H1,15,B,CC,3,3,9.7,NA
H116A,2023-03-17,H1,16,A,CC,4,10,9.1,NA
H117A,2023-03-17,H1,17,A,BH,4,6,3.6,NA
H117B,2023-03-17,H1,17,B,DPR,5,2,17,NA
H118B,2023-03-17,H1,18,B,BH,5,18,5,NA
H119A,2023-03-17,H1,19,A,TM2,5,1,20.4,NA
H120A,2023-03-17,H1,20,A,FR,6,3,3,NA
H120B,2023-03-17,H1,20,B,IH,1,9,9.1,NA
H223B,2023-03-17,H2,23,B,WL1,1,15,3.4,NA
H224B,2023-03-17,H2,24,B,BH,5,29,8.5,NA
H225A,2023-03-17,H2,25,A,IH,4,5,5.2,NA
H226B,2023-03-17,H2,26,B,LV3,1,14,2.3,NA
H228B,2023-03-17,H2,28,B,SC,5,4,4,NA
H229A,2023-03-17,H2,29,A,IH,7,14,5.3,NA
H230B,2023-03-17,H2,30,B,WL1,1,25,2.9,NA
H231B,2023-03-17,H2,31,B,YO8,3,6,1,NA
H233B,2023-03-17,H2,33,B,BH,4,7,3.5,NA
H234B,2023-03-17,H2,34,B,CC,4,7,3.4,NA
H235A,2023-03-17,H2,35,A,TM2,5,5,7.6,NA
H236B,2023-03-17,H2,36,B,TM2,3,1,17.6,NA
H239B,2023-03-17,H2,39,B,BH,6,2,4,NA
H14D,2023-03-17,H1,4,D,WL2,3,7,0.5,NA
H16C,2023-03-17,H1,6,C,TM2,1,5,23.7,NA
H17C,2023-03-17,H1,7,C,DPR,2,10,11.4,NA
H18C,2023-03-17,H1,8,C,SQ1,6,7,1.5,NA
H18D,2023-03-17,H1,8,D,YO11,5,13,2.3,NA
H110C,2023-03-17,H1,10,C,BH,6,11,5.6,NA
H110D,2023-03-17,H1,10,D,WL1,7,5,4.5,NA
H111C,2023-03-17,H1,11,C,WL1,1,7,2.9,NA
H111D,2023-03-17,H1,11,D,WL1,4,4,4.2,NA
H112C,2023-03-17,H1,12,C,SQ1,2,5,2.4,NA
H113D,2023-03-17,H1,13,D,YO7,8,2,1.5,NA
H114C,2023-03-17,H1,14,C,LV3,8,2,1.9,NA
H114D,2023-03-17,H1,14,D,SC,5,3,4.9,NA
H115C,2023-03-17,H1,15,C,CP2,3,10,1.9,NA
H115D,2023-03-17,H1,15,D,BH,5,13,5.6,NA
H116C,2023-03-17,H1,16,C,CP2,10,2,1.5,NA
H116D,2023-03-17,H1,16,D,IH,7,6,6.1,NA
H119C,2023-03-17,H1,19,C,BH,7,21,6.5,NA
H222D,2023-03-17,H2,22,D,BH,2,3,4.4,NA
H223C,2023-03-17,H2,23,C,BH,7,22,4.9,NA
H224C,2023-03-17,H2,24,C,LV3,8,6,2.5,NA
H225C,2023-03-17,H2,25,C,DPR,2,6,12.4,NA
H229D,2023-03-17,H2,29,D,LV3,7,6,2.8,NA
H230D,2023-03-17,H2,30,D,TM2,1,6,23,NA
H232C,2023-03-17,H2,32,C,SC,6,3,5.5,NA
H235C,2023-03-17,H2,35,C,BH,2,13,4.8,NA
H236C,2023-03-17,H2,36,C,CC,2,1,6.1,NA
J13A,2023-03-17,J1,3,A,WL1,6,26,3,NA
J14A,2023-03-17,J1,4,A,SQ1,7,9,2.5,NA
J14B,2023-03-17,J1,4,B,BH,2,4,4.5,NA
J15A,2023-03-17,J1,5,A,LV3,6,7,0.7,NA
J15B,2023-03-17,J1,5,B,TM2,3,10,8.4,NA
J16B,2023-03-17,J1,6,B,DPR,6,10,7.4,NA
J18A,2023-03-17,J1,8,A,TM2,4,10,18.4,NA
J18B,2023-03-17,J1,8,B,FR,1,1,5.8,NA
J19B,2023-03-17,J1,9,B,SC,4,4,5,NA
J111A,2023-03-17,J1,11,A,LV3,6,13,4,NA
J112B,2023-03-17,J1,12,B,CC,4,4,6.3,NA
J113A,2023-03-17,J1,13,A,SQ1,7,17,4.3,NA
J113B,2023-03-17,J1,13,B,IH,6,13,9.7,NA
J116B,2023-03-17,J1,16,B,SC,6,4,5.5,NA
J117A,2023-03-17,J1,17,A,WL1,4,6,2.4,NA
J118A,2023-03-17,J1,18,A,YO8,7,10,3.5,NA
J119A,2023-03-17,J1,19,A,WL2,1,13,1.5,NA
J119B,2023-03-17,J1,19,B,BH,3,11,5.3,NA
J120A,2023-03-17,J1,20,A,LV3,1,12,2,NA
J121B,2023-03-17,J1,21,B,WL1,6,16,2.9,NA
J222A,2023-03-17,J2,22,A,WL1,7,22,4.2,NA
J223A,2023-03-17,J2,23,A,WL1,2,7,4.6,NA
J224A,2023-03-17,J2,24,A,LVTR1,6,11,4.3,NA
J224B,2023-03-17,J2,24,B,IH,4,15,6.2,NA
J225A,2023-03-17,J2,25,A,SC,6,5,6.1,NA
J227B,2023-03-17,J2,27,B,YO7,4,12,3.1,NA
J228B,2023-03-17,J2,28,B,WL2,3,4,1.5,NA
J229A,2023-03-17,J2,29,A,IH,4,7,8,NA
J229B,2023-03-17,J2,29,B,TM2,1,10,9.1,NA
J230A,2023-03-17,J2,30,A,CP2,7,7,2.5,NA
J231A,2023-03-17,J2,31,A,TM2,4,12,13,NA
J232B,2023-03-17,J2,32,B,DPR,6,11,4.2,NA
J233A,2023-03-17,J2,33,A,BH,3,2,4.7,NA
J233B,2023-03-17,J2,33,B,TM2,2,6,10.5,NA
J237B,2023-03-17,J2,37,B,BH,1,7,5.3,NA
J238A,2023-03-17,J2,38,A,SQ1,7,10,3,NA
J239A,2023-03-17,J2,39,A,WL1,1,10,2.7,NA
J240A,2023-03-17,J2,40,A,CP2,3,2,3.6,NA
J13C,2023-03-17,J1,3,C,SQ3,6,12,0.4,NA
J13D,2023-03-17,J1,3,D,CP2,1,6,2.7,NA
J19C,2023-03-17,J1,9,C,BH,5,30,8.9,NA
J110C,2023-03-17,J1,10,C,BH,3,1,3.9,NA
J113C,2023-03-17,J1,13,C,TM2,6,7,18.9,NA
J114C,2023-03-17,J1,14,C,WL1,6,10,3.4,NA
J114D,2023-03-17,J1,14,D,BH,4,8,3.8,NA
J119C,2023-03-17,J1,19,C,BH,5,20,7.1,NA
J223D,2023-03-17,J2,23,D,BH,4,9,5.2,NA
J225D,2023-03-17,J2,25,D,BH,2,5,3,NA
J227D,2023-03-17,J2,27,D,IH,7,9,4.4,NA
J229C,2023-03-17,J2,29,C,YO11,2,2,3.9,NA
J230C,2023-03-17,J2,30,C,BH,4,14,8.3,NA
J231C,2023-03-17,J2,31,C,BH,5,6,9.2,NA
J232D,2023-03-17,J2,32,D,BH,3,12,4.5,NA
J236C,2023-03-17,J2,36,C,CC,5,5,7.2,NA
L14A,2023-03-17,L1,4,A,SC,5,8,6.2,NA
L15A,2023-03-17,L1,5,A,WL2,3,100,0.3,NA
L15B,2023-03-17,L1,5,B,BH,2,6,4.2,NA
L16A,2023-03-17,L1,6,A,TM2,1,11,8.1,NA
L18A,2023-03-17,L1,8,A,CC,4,6,4.2,NA
L110A,2023-03-17,L1,10,A,BH,2,14,2,NA
L114B,2023-03-17,L1,14,B,YO7,8,3,2.5,NA
L115B,2023-03-17,L1,15,B,TM2,3,12,13.1,NA
L118A,2023-03-17,L1,18,A,TM2,7,11,16.4,NA
L226A,2023-03-17,L2,26,A,SC,4,7,5.5,NA
L230A,2023-03-17,L2,30,A,TM2,1,12,27,NA
L232A,2023-03-17,L2,32,A,CC,5,3,5.9,NA
L234B,2023-03-17,L2,34,B,TM2,5,8,20.4,NA
L235A,2023-03-17,L2,35,A,TM2,4,9,17.5,NA
L237B,2023-03-17,L2,37,B,DPR,6,3,6.6,NA
L14D,2023-03-17,L1,4,D,BH,4,10,3.8,NA
L15D,2023-03-17,L1,5,D,WL1,1,11,3.8,NA
L16C,2023-03-17,L1,6,C,LV3,1,4,3.8,NA
L16D,2023-03-17,L1,6,D,WL1,6,18,4.4,N
L17C,2023-03-17,L1,7,C,WR,2,2,3.6,NA
L17D,2023-03-17,L1,7,D,SC,4,6,6.5,NA
L18C,2023-03-17,L1,8,C,WL1,6,12,2.9,NA
L110D,2023-03-17,L1,10,D,LV3,8,1,1.5,NA
L113C,2023-03-17,L1,13,C,BH,3,13,3.6,NA
L113D,2023-03-17,L1,13,D,BH,5,22,6.5,NA
L116C,2023-03-17,L1,16,C,BH,6,5,7.9,NA
L117C,2023-03-17,L1,17,C,CC,7,3,5.4,NA
L119C,2023-03-17,L1,19,C,WL2,7,3,3.1,NA
L227C,2023-03-17,L2,27,C,SQ3,3,3,1.9,NA
L228D,2023-03-17,L2,28,D,BH,2,7,5.1,NA
L229D,2023-03-17,L2,29,D,BH,3,14,3.1,NA
L230C,2023-03-17,L2,30,C,BH,4,11,6.6,NA
L230D,2023-03-17,L2,30,D,TM2,3,4,28.8,NA
L231C,2023-03-17,L2,31,C,SC,1,8,4.9,NA
L232C,2023-03-17,L2,32,C,CP2,1,1,0.4,NA
L233D,2023-03-17,L2,33,D,WL2,4,100,0.2,NA
L234C,2023-03-17,L2,34,C,BH,5,8,4.9,NA
L237C,2023-03-17,L2,37,C,SQ2,6,100,0.2,NA
L238C,2023-03-17,L2,38,C,SQ1,7,2,2.9,NA
L239C,2023-03-17,L2,39,C,LV3,7,11,3.2,NA
L239D,2023-03-17,L2,39,D,YO7,4,2,0.7,NA
L240D,2023-03-17,L2,40,D,BH,7,13,6,NA
L241D,2023-03-17,L2,41,D,BH,4,1,4.6,NA
D13A,2023-03-24,D1,3,A,WL2,4,11,1.7,N
D112A,2023-03-24,D1,12,A,CC,7,4,5.5,N
D112B,2023-03-24,D1,12,B,TM2,5,9,5.9,NA
D114B,2023-03-24,D1,14,B,YO7,4,7,1.1,NA
D120B,2023-03-24,D1,20,B,WL2,5,6,2.1,NA
D222B,2023-03-24,D2,22,B,SQ1,4,4,18,NA
D226B,2023-03-24,D2,26,B,BH,5,15,5.4,NA
D229A,2023-03-24,D2,29,A,IH,7,3,8.9,NA
D230B,2023-03-24,D2,30,B,BH,4,3,3.3,NA
D231B,2023-03-24,D2,31,B,TM2,4,11,12.2,NA
D233B,2023-03-24,D2,33,B,BH,6,8,3.9,NA
D237B,2023-03-24,D2,37,B,TM2,6,5,19.2,NA
D14D,2023-03-24,D1,4,D,YO7,8,1,1.2,NA
D117D,2023-03-24,D1,17,D,IH,7,12,5.5,NA
D119D,2023-03-24,D1,19,D,BH,5,9,3.5,NA
D224C,2023-03-24,D2,24,C,IH,4,11,5.7,NA
D229C,2023-03-24,D2,29,C,BH,4,13,4.8,NA
D229D,2023-03-24,D2,29,D,BH,2,9,6.1,NA
D235D,2023-03-24,D2,35,D,BH,3,6,5.7,NA
F14B,2023-03-24,F1,4,B,SQ3,3,4,0.5,NA
F15B,2023-03-24,F1,5,B,LVTR1,6,12,2.3,NA
F16A,2023-03-24,F1,6,A,CP2,4,4,1.8,NA
F16B,2023-03-24,F1,6,B,WL2,4,1,2.8,NA
F17B,2023-03-24,F1,7,B,IH,4,20,9.5,NA
F18A,2023-03-24,F1,8,A,TM2,2,2,33.3,NA
F115A,2023-03-24,F1,15,A,BH,6,9,4.5,Y
F227B,2023-03-24,F2,27,B,WL2,3,13,1.9,NA
F229B,2023-03-24,F2,29,B,BH,4,5,5.6,NA
F234A,2023-03-24,F2,34,A,IH,4,13,9.6,NA
F235B,2023-03-24,F2,35,B,WL1,1,23,1.9,NA
F240B,2023-03-24,F2,40,B,BH,5,12,5.7,NA
F14C,2023-03-24,F1,4,C,TM2,5,7,34.5,NA
F16C,2023-03-24,F1,6,C,DPR,6,9,9.1,NA
F18D,2023-03-24,F1,8,D,WL1,2,16,3.4,N
F115C,2023-03-24,F1,15,C,BH,4,4,4.9,NA
F227C,2023-03-24,F2,27,C,WL1,2,13,5.3,NA
F232C,2023-03-24,F2,32,C,WL1,7,4,4.7,NA
F235D,2023-03-24,F2,35,D,BH,2,1,5.1,NA
F238C,2023-03-24,F2,38,C,SQ2,5,5,1.5,NA
F240C,2023-03-24,F2,40,C,DPR,7,4,15.4,NA
F240D,2023-03-24,F2,40,D,TM2,1,4,19.4,N
H14B,2023-03-24,H1,4,B,BH,2,12,7.3,NA
H15A,2023-03-24,H1,5,A,SQ1,7,15,1.6,NA
H15B,2023-03-24,H1,5,B,SC,4,2,8.4,NA
H16A,2023-03-24,H1,6,A,WL1,6,24,6.1,NA
H18B,2023-03-24,H1,8,B,BH,3,9,5.4,NA
H19A,2023-03-24,H1,9,A,WL1,6,8,5.9,NA
H110A,2023-03-24,H1,10,A,WL2,4,4,0.9,N
H111A,2023-03-24,H1,11,A,WL1,2,4,5.6,NA
H111B,2023-03-24,H1,11,B,CC,7,2,12.6,NA
H112B,2023-03-24,H1,12,B,FR,2,8,7.1,NA
H113A,2023-03-24,H1,13,A,LVTR1,3,10,3.5,NA
H113B,2023-03-24,H1,13,B,CP2,3,3,4.7,NA
H114A,2023-03-24,H1,14,A,BH,5,3,7.1,NA
H115B,2023-03-24,H1,15,B,CC,3,3,12.5,NA
H116A,2023-03-24,H1,16,A,CC,4,10,10.1,NA
H117B,2023-03-24,H1,17,B,DPR,5,2,21.7,NA
H119A,2023-03-24,H1,19,A,TM2,5,1,26.7,NA
H120B,2023-03-24,H1,20,B,IH,1,9,10.2,NA
H223B,2023-03-24,H2,23,B,WL1,1,15,2.9,NA
H224B,2023-03-24,H2,24,B,BH,5,29,9.8,NA
H225A,2023-03-24,H2,25,A,IH,4,5,6.1,NA
H228B,2023-03-24,H2,28,B,SC,5,4,3.6,NA
H229A,2023-03-24,H2,29,A,IH,7,14,5.6,NA
H230B,2023-03-24,H2,30,B,WL1,1,25,3.3,NA
H231B,2023-03-24,H2,31,B,YO8,3,6,1.1,NA
H233B,2023-03-24,H2,33,B,BH,4,7,4.5,NA
H234B,2023-03-24,H2,34,B,CC,4,7,3.1,NA
H236B,2023-03-24,H2,36,B,TM2,3,1,23.8,NA
H14D,2023-03-24,H1,4,D,WL2,3,7,0.9,NA
H16C,2023-03-24,H1,6,C,TM2,1,5,29.9,NA
H17C,2023-03-24,H1,7,C,DPR,2,10,12.5,NA
H18C,2023-03-24,H1,8,C,SQ1,6,7,2.5,NA
H18D,2023-03-24,H1,8,D,YO11,5,13,1.9,NA
H110C,2023-03-24,H1,10,C,BH,6,11,8,NA
H110D,2023-03-24,H1,10,D,WL1,7,5,7.9,NA
H111C,2023-03-24,H1,11,C,WL1,1,7,2,NA
H111D,2023-03-24,H1,11,D,WL1,4,4,5.5,NA
H112C,2023-03-24,H1,12,C,SQ1,2,5,3.9,NA
H114D,2023-03-24,H1,14,D,SC,5,3,5.5,NA
H115C,2023-03-24,H1,15,C,CP2,3,10,2.9,NA
H115D,2023-03-24,H1,15,D,BH,5,13,4.9,Y
H116D,2023-03-24,H1,16,D,IH,7,6,6.5,NA
H119C,2023-03-24,H1,19,C,BH,7,21,7,Y
H222D,2023-03-24,H2,22,D,BH,2,3,5.5,NA
H223C,2023-03-24,H2,23,C,BH,7,22,7.4,Y
H224C,2023-03-24,H2,24,C,LV3,8,6,2.2,NA
H225C,2023-03-24,H2,25,C,DPR,2,6,18.4,NA
H229D,2023-03-24,H2,29,D,LV3,7,6,2,NA
H230D,2023-03-24,H2,30,D,TM2,1,6,30.5,NA
H232C,2023-03-24,H2,32,C,SC,6,3,7,NA
H235C,2023-03-24,H2,35,C,BH,2,13,3.8,NA
H236C,2023-03-24,H2,36,C,CC,2,1,6,Y
J13A,2023-03-24,J1,3,A,WL1,6,26,3.3,NA
J14A,2023-03-24,J1,4,A,SQ1,7,9,3.5,NA
J14B,2023-03-24,J1,4,B,BH,2,4,3.9,NA
J15B,2023-03-24,J1,5,B,TM2,3,10,9.4,NA
J16B,2023-03-24,J1,6,B,DPR,6,10,10.8,NA
J18A,2023-03-24,J1,8,A,TM2,4,10,21.7,NA
J18B,2023-03-24,J1,8,B,FR,1,1,5.9,NA
J19B,2023-03-24,J1,9,B,SC,4,4,4.8,NA
J111A,2023-03-24,J1,11,A,LV3,6,13,2.9,NA
J112B,2023-03-24,J1,12,B,CC,4,4,9.8,NA
J113A,2023-03-24,J1,13,A,SQ1,7,17,4.1,NA
J113B,2023-03-24,J1,13,B,IH,6,13,11.5,NA
J116B,2023-03-24,J1,16,B,SC,6,4,6.4,NA
J118A,2023-03-24,J1,18,A,YO8,7,10,3.4,NA
J119A,2023-03-24,J1,19,A,WL2,1,13,2.5,NA
J119B,2023-03-24,J1,19,B,BH,3,11,6.4,NA
J120A,2023-03-24,J1,20,A,LV3,1,12,2.1,NA
J121B,2023-03-24,J1,21,B,WL1,6,16,3.3,NA
J222A,2023-03-24,J2,22,A,WL1,7,22,3.4,NA
J223A,2023-03-24,J2,23,A,WL1,2,7,5.5,NA
J224A,2023-03-24,J2,24,A,LVTR1,6,11,4.2,NA
J224B,2023-03-24,J2,24,B,IH,4,15,6.8,NA
J225A,2023-03-24,J2,25,A,SC,6,5,7.8,NA
J227B,2023-03-24,J2,27,B,YO7,4,12,2.6,NA
J228B,2023-03-24,J2,28,B,WL2,3,4,1.9,NA
J229A,2023-03-24,J2,29,A,IH,4,7,7.6,NA
J229B,2023-03-24,J2,29,B,TM2,1,10,12.9,NA
J230A,2023-03-24,J2,30,A,CP2,7,7,2.4,NA
J231A,2023-03-24,J2,31,A,TM2,4,12,18.3,NA
J232B,2023-03-24,J2,32,B,DPR,6,11,4.4,NA
J233A,2023-03-24,J2,33,A,BH,3,2,5.9,NA
J233B,2023-03-24,J2,33,B,TM2,2,6,13.5,NA
J237B,2023-03-24,J2,37,B,BH,1,7,7.2,NA
J238A,2023-03-24,J2,38,A,SQ1,7,10,2.5,NA
J240A,2023-03-24,J2,40,A,CP2,3,2,4.6,NA
J13C,2023-03-24,J1,3,C,SQ3,6,12,0.8,N
J13D,2023-03-24,J1,3,D,CP2,1,6,2.2,NA
J19C,2023-03-24,J1,9,C,BH,5,30,9.7,NA
J110C,2023-03-24,J1,10,C,BH,3,1,4.5,NA
J113C,2023-03-24,J1,13,C,TM2,6,7,26.8,NA
J114C,2023-03-24,J1,14,C,WL1,6,10,2.9,Y
J119C,2023-03-24,J1,19,C,BH,5,20,7.5,NA
J120C,2023-03-24,J1,20,C,CP2,3,12,1.6,N
J223D,2023-03-24,J2,23,D,BH,4,9,5.5,NA
J225D,2023-03-24,J2,25,D,BH,2,5,3,NA
J227D,2023-03-24,J2,27,D,IH,7,9,5,NA
J230C,2023-03-24,J2,30,C,BH,4,14,8.5,NA
J231D,2023-03-24,J2,31,D,BH,7,14,8.3,NA
J232D,2023-03-24,J2,32,D,BH,3,12,4.8,NA
J236C,2023-03-24,J2,36,C,CC,5,5,7,NA
L14A,2023-03-24,L1,4,A,SC,5,8,7.1,NA
L15A,2023-03-24,L1,5,A,WL2,3,100,0.8,NA
L15B,2023-03-24,L1,5,B,BH,2,6,4.5,NA
L18A,2023-03-24,L1,8,A,CC,4,6,4.6,N
L110A,2023-03-24,L1,10,A,BH,2,14,3.1,NA
L112A,2023-03-24,L1,12,A,WL2,4,9,3.1,NA
L114B,2023-03-24,L1,14,B,YO7,8,3,2.4,NA
L115B,2023-03-24,L1,15,B,TM2,3,12,19.7,NA
L118A,2023-03-24,L1,18,A,TM2,7,11,22.6,NA
L230A,2023-03-24,L2,30,A,TM2,1,12,33.5,NA
L232A,2023-03-24,L2,32,A,CC,5,3,6.3,N
L234B,2023-03-24,L2,34,B,TM2,5,8,26.9,NA
L235A,2023-03-24,L2,35,A,TM2,4,9,20.9,NA
L237B,2023-03-24,L2,37,B,DPR,6,3,6.4,N
L13C,2023-03-24,L1,3,C,SQ3,4,3,0.6,NA
L13D,2023-03-24,L1,3,D,SQ1,7,11,3.2,NA
L14D,2023-03-24,L1,4,D,BH,4,10,4.1,NA
L15D,2023-03-24,L1,5,D,WL1,1,11,3.4,Y
L16C,2023-03-24,L1,6,C,LV3,1,4,2.9,NA
L16D,2023-03-24,L1,6,D,WL1,6,18,2.5,Y
L17C,2023-03-24,L1,7,C,WR,2,2,3.7,Y
L18C,2023-03-24,L1,8,C,WL1,6,12,2.7,NA
L110D,2023-03-24,L1,10,D,LV3,8,1,1.8,NA
L113C,2023-03-24,L1,13,C,BH,3,13,2.8,NA
L113D,2023-03-24,L1,13,D,BH,5,22,6.5,NA
L117C,2023-03-24,L1,17,C,CC,7,3,5.5,NA
L228D,2023-03-24,L2,28,D,BH,2,7,5.5,NA
L229D,2023-03-24,L2,29,D,BH,3,14,3.3,NA
L230C,2023-03-24,L2,30,C,BH,4,11,5.1,Y
L230D,2023-03-24,L2,30,D,TM2,3,4,30.1,NA
L233D,2023-03-24,L2,33,D,WL2,4,100,0.4,N
L237C,2023-03-24,L2,37,C,SQ2,6,100,0.3,N
L239C,2023-03-24,L2,39,C,LV3,7,11,1.2,NA
L239D,2023-03-24,L2,39,D,YO7,4,2,1.1,NA
L240D,2023-03-24,L2,40,D,BH,7,13,5.3,NA
L241D,2023-03-24,L2,41,D,BH,4,1,4.7,NA
D13A,2023-04-03,D1,3,A,WL2,4,11,1.4,NA
D112B,2023-04-03,D1,12,B,TM2,5,9,7,NA
D114B,2023-04-03,D1,14,B,YO7,4,7,1.8,NA
D120B,2023-04-03,D1,20,B,WL2,5,6,2.4,NA
D222B,2023-04-03,D2,22,B,SQ1,4,4,2.6,NA
D226B,2023-04-03,D2,26,B,BH,5,15,4.9,NA
D229A,2023-04-03,D2,29,A,IH,7,3,9,NA
D230B,2023-04-03,D2,30,B,BH,4,3,3.8,NA
D231B,2023-04-03,D2,31,B,TM2,4,11,14.8,NA
D237B,2023-04-03,D2,37,B,TM2,6,5,18,NA
D14D,2023-04-03,D1,4,D,YO7,8,1,1.4,NA
D117D,2023-04-03,D1,17,D,IH,7,12,5.6,NA
D119D,2023-04-03,D1,19,D,BH,5,9,3.2,NA
D224C,2023-04-03,D2,24,C,IH,4,11,5.8,NA
D229C,2023-04-03,D2,29,C,BH,4,13,4.9,NA
D229D,2023-04-03,D2,29,D,BH,2,9,4.1,NA
D235D,2023-04-03,D2,35,D,BH,3,6,6.6,NA
F14B,2023-04-03,F1,4,B,SQ3,3,4,1.2,NA
F15B,2023-04-03,F1,5,B,LVTR1,6,12,2.4,NA
F16A,2023-04-03,F1,6,A,CP2,4,4,3.3,NA
F16B,2023-04-03,F1,6,B,WL2,4,1,2.4,NA
F17B,2023-04-03,F1,7,B,IH,4,20,11.6,NA
F18A,2023-04-03,F1,8,A,TM2,2,2,33.8,NA
F115A,2023-04-03,F1,15,A,BH,6,9,9.9,NA
F227B,2023-04-03,F2,27,B,WL2,3,13,1.7,NA
F229B,2023-04-03,F2,29,B,BH,4,5,5.9,NA
F240B,2023-04-03,F2,40,B,BH,5,12,5.6,NA
F14C,2023-04-03,F1,4,C,TM2,5,7,52.4,NA
F16C,2023-04-03,F1,6,C,DPR,6,9,15.4,NA
F115C,2023-04-03,F1,15,C,BH,4,4,5.9,NA
F232C,2023-04-03,F2,32,C,WL1,7,4,4.3,NA
F235D,2023-04-03,F2,35,D,BH,2,1,5.5,NA
F238C,2023-04-03,F2,38,C,SQ2,5,5,1.9,Y
F240C,2023-04-03,F2,40,C,DPR,7,4,22.5,NA
F240D,2023-04-03,F2,40,D,TM2,1,4,27.4,NA
H14B,2023-04-03,H1,4,B,BH,2,12,0.7,NA
H15A,2023-04-03,H1,5,A,SQ1,7,15,2.4,NA
H15B,2023-04-03,H1,5,B,SC,4,2,8.8,NA
H18B,2023-04-03,H1,8,B,BH,3,9,7.1,NA
H19A,2023-04-03,H1,9,A,WL1,6,8,5.8,NA
H110A,2023-04-03,H1,10,A,WL2,4,4,1.2,NA
H111B,2023-04-03,H1,11,B,CC,7,2,12.1,NA
H112B,2023-04-03,H1,12,B,FR,2,8,7.1,NA
H113A,2023-04-03,H1,13,A,LVTR1,3,10,1.6,NA
H113B,2023-04-03,H1,13,B,CP2,3,3,3.7,NA
H114A,2023-04-03,H1,14,A,BH,5,3,8.4,NA
H115B,2023-04-03,H1,15,B,CC,3,3,14.9,NA
H116A,2023-04-03,H1,16,A,CC,4,10,10.2,NA
H117B,2023-04-03,H1,17,B,DPR,5,2,25.9,NA
H119A,2023-04-03,H1,19,A,TM2,5,1,43.7,NA
H120B,2023-04-03,H1,20,B,IH,1,9,10.2,NA
H224B,2023-04-03,H2,24,B,BH,5,29,9.4,NA
H225A,2023-04-03,H2,25,A,IH,4,5,10.1,NA
H229A,2023-04-03,H2,29,A,IH,7,14,6.1,NA
H230B,2023-04-03,H2,30,B,WL1,1,25,4.1,NA
H231B,2023-04-03,H2,31,B,YO8,3,6,0.7,NA
H233B,2023-04-03,H2,33,B,BH,4,7,4.8,NA
H236B,2023-04-03,H2,36,B,TM2,3,1,36.2,NA
H14D,2023-04-03,H1,4,D,WL2,3,7,0.6,NA
H16C,2023-04-03,H1,6,C,TM2,1,5,12.4,NA
H17C,2023-04-03,H1,7,C,DPR,2,10,13.3,Y
H110C,2023-04-03,H1,10,C,BH,6,11,10.6,NA
H110D,2023-04-03,H1,10,D,WL1,7,5,9.2,NA
H111C,2023-04-03,H1,11,C,WL1,1,7,1.6,Y
H111D,2023-04-03,H1,11,D,WL1,4,4,5.6,NA
H112C,2023-04-03,H1,12,C,SQ1,2,5,1.6,NA
H114D,2023-04-03,H1,14,D,SC,5,3,5.9,NA
H115C,2023-04-03,H1,15,C,CP2,3,10,2.9,NA
H116D,2023-04-03,H1,16,D,IH,7,6,7.9,NA
H119C,2023-04-03,H1,19,C,BH,7,21,6.5,NA
H223C,2023-04-03,H2,23,C,BH,7,22,8.4,NA
H224C,2023-04-03,H2,24,C,LV3,8,6,2.1,NA
H225C,2023-04-03,H2,25,C,DPR,2,6,27.7,NA
H229D,2023-04-03,H2,29,D,LV3,7,6,2.5,NA
H230D,2023-04-03,H2,30,D,TM2,1,6,46.5,NA
H232C,2023-04-03,H2,32,C,SC,6,3,9.4,NA
H235C,2023-04-03,H2,35,C,BH,2,13,3.8,NA
J13A,2023-04-03,J1,3,A,WL1,6,26,2.4,NA
J14B,2023-04-03,J1,4,B,BH,2,4,5.1,NA
J15B,2023-04-03,J1,5,B,TM2,3,10,13.3,NA
J16A,2023-04-03,J1,6,A,WL1,1,26,16.2,NA
J18A,2023-04-03,J1,8,A,TM2,4,10,14.2,NA
J18B,2023-04-03,J1,8,B,FR,1,1,5.4,NA
J112B,2023-04-03,J1,12,B,CC,4,4,7.5,NA
J113A,2023-04-03,J1,13,A,SQ1,7,17,2.7,NA
J113B,2023-04-03,J1,13,B,IH,6,13,10.6,NA
J116B,2023-04-03,J1,16,B,SC,6,4,7.1,Y
J118A,2023-04-03,J1,18,A,YO8,7,10,3.4,NA
J119A,2023-04-03,J1,19,A,WL2,1,13,1.3,NA
J119B,2023-04-03,J1,19,B,BH,3,11,5.9,NA
J120A,2023-04-03,J1,20,A,LV3,1,12,2.1,NA
J222A,2023-04-03,J2,22,A,WL1,7,22,3.4,NA
J223A,2023-04-03,J2,23,A,WL1,2,7,3.8,Y
J224A,2023-04-03,J2,24,A,LVTR1,6,11,2.8,NA
J224B,2023-04-03,J2,24,B,IH,4,15,5.7,NA
J225A,2023-04-03,J2,25,A,SC,6,5,7.2,NA
J227B,2023-04-03,J2,27,B,YO7,4,12,1.7,N
J228B,2023-04-03,J2,28,B,WL2,3,4,1.8,NA
J229A,2023-04-03,J2,29,A,IH,4,7,7.7,NA
J229B,2023-04-03,J2,29,B,TM2,1,10,11.2,NA
J231A,2023-04-03,J2,31,A,TM2,4,12,21.1,NA
J233A,2023-04-03,J2,33,A,BH,3,2,5.8,NA
J233B,2023-04-03,J2,33,B,TM2,2,6,0.6,N
J237B,2023-04-03,J2,37,B,BH,1,7,4.4,NA
J238A,2023-04-03,J2,38,A,SQ1,7,10,2.6,NA
J13D,2023-04-03,J1,3,D,CP2,1,6,3.6,NA
J19C,2023-04-03,J1,9,C,BH,5,30,10.2,NA
J110C,2023-04-03,J1,10,C,BH,3,1,5.1,NA
J113C,2023-04-03,J1,13,C,TM2,6,7,38.4,NA
J119C,2023-04-03,J1,19,C,BH,5,20,10.1,NA
J223D,2023-04-03,J2,23,D,BH,4,9,5.7,NA
J225D,2023-04-03,J2,25,D,BH,2,5,6.3,NA
J227D,2023-04-03,J2,27,D,IH,7,9,5.1,NA
J230C,2023-04-03,J2,30,C,BH,4,14,9.4,NA
J231D,2023-04-03,J2,31,D,BH,7,14,12.1,NA
J232D,2023-04-03,J2,32,D,BH,3,12,5.2,NA
J236C,2023-04-03,J2,36,C,CC,5,5,8.3,NA
L14A,2023-04-03,L1,4,A,SC,5,8,7.9,NA
L15A,2023-04-03,L1,5,A,WL2,3,100,0.3,NA
L15B,2023-04-03,L1,5,B,BH,2,6,3.9,NA
L110A,2023-04-03,L1,10,A,BH,2,14,3.6,NA
L112A,2023-04-03,L1,12,A,WL2,4,9,1.8,NA
L114B,2023-04-03,L1,14,B,YO7,8,3,1.7,NA
L115B,2023-04-03,L1,15,B,TM2,3,12,27.9,NA
L118A,2023-04-03,L1,18,A,TM2,7,11,33.2,NA
L230A,2023-04-03,L2,30,A,TM2,1,12,36.1,NA
L234B,2023-04-03,L2,34,B,TM2,5,8,37.1,NA
L235A,2023-04-03,L2,35,A,TM2,4,9,28.5,NA
L14D,2023-04-03,L1,4,D,BH,4,10,7.1,NA
L15D,2023-04-03,L1,5,D,WL1,1,11,3.8,NA
L16C,2023-04-03,L1,6,C,LV3,1,4,3.3,NA
L17C,2023-04-03,L1,7,C,WR,2,2,3.1,NA
L113C,2023-04-03,L1,13,C,BH,3,13,3.6,NA
L113D,2023-04-03,L1,13,D,BH,5,22,7.3,NA
L117C,2023-04-03,L1,17,C,CC,7,3,6.2,NA
L228D,2023-04-03,L2,28,D,BH,2,7,7.1,NA
L229D,2023-04-03,L2,29,D,BH,3,14,4.1,NA
L230C,2023-04-03,L2,30,C,BH,4,11,4.3,NA
L230D,2023-04-03,L2,30,D,TM2,3,4,39.5,NA
L233D,2023-04-03,L2,33,D,WL2,4,100,0.5,NA
L239D,2023-04-03,L2,39,D,YO7,4,2,0.6,NA
L240D,2023-04-03,L2,40,D,BH,7,13,6.6,NA
L241D,2023-04-03,L2,41,D,BH,4,1,5.8,NA
D13A,2023-04-10,D1,3,A,WL2,4,11,1.3,Y
D19A,2023-04-10,D1,9,A,SC,4,8,0.7,N
D226B,2023-04-10,D2,26,B,BH,5,15,5.7,NA
D229A,2023-04-10,D2,29,A,IH,7,3,10.7,NA
D230B,2023-04-10,D2,30,B,BH,4,3,6.8,NA
D231B,2023-04-10,D2,31,B,TM2,4,11,23.5,NA
D14D,2023-04-10,D1,4,D,YO7,8,1,2.2,NA
D117D,2023-04-10,D1,17,D,IH,7,12,6.2,NA
D119D,2023-04-10,D1,19,D,BH,5,9,3.6,NA
D224C,2023-04-10,D2,24,C,IH,4,11,5.6,N
D229C,2023-04-10,D2,29,C,BH,4,13,5.8,NA
D229D,2023-04-10,D2,29,D,BH,2,9,4.3,Y
D235D,2023-04-10,D2,35,D,BH,3,6,8.4,NA
F14B,2023-04-10,F1,4,B,SQ3,3,4,1.1,NA
F15B,2023-04-10,F1,5,B,LVTR1,6,12,2.2,Y
F16A,2023-04-10,F1,6,A,CP2,4,4,4.4,Y
F16B,2023-04-10,F1,6,B,WL2,4,1,3.4,NA
F17B,2023-04-10,F1,7,B,IH,4,20,17.1,NA
F115A,2023-04-10,F1,15,A,BH,6,9,17.4,NA
F227B,2023-04-10,F2,27,B,WL2,3,13,2.6,NA
F229B,2023-04-10,F2,29,B,BH,4,5,7.2,NA
F240B,2023-04-10,F2,40,B,BH,5,12,6.6,NA
F14C,2023-04-10,F1,4,C,TM2,5,7,67.6,NA
F16C,2023-04-10,F1,6,C,DPR,6,9,16.6,NA
F115C,2023-04-10,F1,15,C,BH,4,4,5.5,NA
F232C,2023-04-10,F2,32,C,WL1,7,4,3.8,NA
F235D,2023-04-10,F2,35,D,BH,2,1,5.7,NA
F240D,2023-04-10,F2,40,D,TM2,1,4,38,NA
H14B,2023-04-10,H1,4,B,BH,2,12,6.1,NA
H15A,2023-04-10,H1,5,A,SQ1,7,15,1.2,NA
H15B,2023-04-10,H1,5,B,SC,4,2,10.8,NA
H18B,2023-04-10,H1,8,B,BH,3,9,8.8,NA
H19A,2023-04-10,H1,9,A,WL1,6,8,5.2,NA
H110A,2023-04-10,H1,10,A,WL2,4,4,2.1,NA
H111B,2023-04-10,H1,11,B,CC,7,2,16.2,NA
H112B,2023-04-10,H1,12,B,FR,2,8,7.9,NA
H113B,2023-04-10,H1,13,B,CP2,3,3,5.5,NA
H114A,2023-04-10,H1,14,A,BH,5,3,12.3,NA
H115B,2023-04-10,H1,15,B,CC,3,3,23.8,NA
H116A,2023-04-10,H1,16,A,CC,4,10,12.3,NA
H117B,2023-04-10,H1,17,B,DPR,5,2,38.2,NA
H119A,2023-04-10,H1,19,A,TM2,5,1,59.1,NA
H120B,2023-04-10,H1,20,B,IH,1,9,12.2,NA
H224B,2023-04-10,H2,24,B,BH,5,29,13.4,NA
H225A,2023-04-10,H2,25,A,IH,4,5,11.3,NA
H229A,2023-04-10,H2,29,A,IH,7,14,8.6,NA
H230B,2023-04-10,H2,30,B,WL1,1,25,3.4,NA
H231B,2023-04-10,H2,31,B,YO8,3,6,1.4,NA
H233B,2023-04-10,H2,33,B,BH,4,7,5.7,NA
H236B,2023-04-10,H2,36,B,TM2,3,1,49.1,NA
H16C,2023-04-10,H1,6,C,TM2,1,5,51.6,NA
H110C,2023-04-10,H1,10,C,BH,6,11,13.2,NA
H110D,2023-04-10,H1,10,D,WL1,7,5,5,NA
H111D,2023-04-10,H1,11,D,WL1,4,4,2.9,NA
H112C,2023-04-10,H1,12,C,SQ1,2,5,2.5,NA
H114D,2023-04-10,H1,14,D,SC,5,3,5.8,NA
H115C,2023-04-10,H1,15,C,CP2,3,10,3.2,Y
H116D,2023-04-10,H1,16,D,IH,7,6,7.7,NA
H119C,2023-04-10,H1,19,C,BH,7,21,5.1,Y
H223C,2023-04-10,H2,23,C,BH,7,22,8.6,NA
H225C,2023-04-10,H2,25,C,DPR,2,6,37.4,NA
H230D,2023-04-10,H2,30,D,TM2,1,6,46.3,NA
H232C,2023-04-10,H2,32,C,SC,6,3,10.4,NA
H235C,2023-04-10,H2,35,C,BH,2,13,3.9,NA
J14B,2023-04-10,J1,4,B,BH,2,4,6,NA
J15B,2023-04-10,J1,5,B,TM2,3,10,29.2,NA
J16B,2023-04-10,J1,6,B,DPR,6,10,23.6,NA
J18A,2023-04-10,J1,8,A,TM2,4,10,18.8,NA
J18B,2023-04-10,J1,8,B,FR,1,1,5.4,NA
J112B,2023-04-10,J1,12,B,CC,4,4,10.1,NA
J113A,2023-04-10,J1,13,A,SQ1,7,17,4.1,NA
J113B,2023-04-10,J1,13,B,IH,6,13,13.1,NA
J119B,2023-04-10,J1,19,B,BH,3,11,6.9,NA
J120A,2023-04-10,J1,20,A,LV3,1,12,1.8,Y
J224B,2023-04-10,J2,24,B,IH,4,15,6.2,NA
J225A,2023-04-10,J2,25,A,SC,6,5,8.6,NA
J228B,2023-04-10,J2,28,B,WL2,3,4,2.6,NA
J229A,2023-04-10,J2,29,A,IH,4,7,8.3,NA
J229B,2023-04-10,J2,29,B,TM2,1,10,12.3,Y
J231A,2023-04-10,J2,31,A,TM2,4,12,35.2,NA
J233A,2023-04-10,J2,33,A,BH,3,2,6.4,NA
J237B,2023-04-10,J2,37,B,BH,1,7,12.2,NA
J238A,2023-04-10,J2,38,A,SQ1,7,10,3,NA
J13D,2023-04-10,J1,3,D,CP2,1,6,3.5,NA
J19C,2023-04-10,J1,9,C,BH,5,30,8.5,NA
J110C,2023-04-10,J1,10,C,BH,3,1,7,NA
J113C,2023-04-10,J1,13,C,TM2,6,7,50.5,NA
J119C,2023-04-10,J1,19,C,BH,5,20,11.4,NA
J225D,2023-04-10,J2,25,D,BH,2,5,7.7,NA
J227D,2023-04-10,J2,27,D,IH,7,9,6.2,NA
J230C,2023-04-10,J2,30,C,BH,4,14,9,NA
J231D,2023-04-10,J2,31,D,BH,7,14,10.2,NA
J232D,2023-04-10,J2,32,D,BH,3,12,6,NA
J236C,2023-04-10,J2,36,C,CC,5,5,5.9,NA
L14A,2023-04-10,L1,4,A,SC,5,8,13.1,NA
L110A,2023-04-10,L1,10,A,BH,2,14,2.1,NA
L114B,2023-04-10,L1,14,B,YO7,8,3,2.2,NA
L115B,2023-04-10,L1,15,B,TM2,3,12,45.9,Y
L118A,2023-04-10,L1,18,A,TM2,7,11,52.1,NA
L230A,2023-04-10,L2,30,A,TM2,1,12,49.5,Y
L234B,2023-04-10,L2,34,B,TM2,5,8,50.1,NA
L235A,2023-04-10,L2,35,A,TM2,4,9,43.6,NA
L13C,2023-04-10,L1,3,C,SQ3,4,3,0.1,NA
L14D,2023-04-10,L1,4,D,BH,4,10,4.1,NA
L15D,2023-04-10,L1,5,D,WL1,1,11,3.1,NA
L113C,2023-04-10,L1,13,C,BH,3,13,2.5,NA
L113D,2023-04-10,L1,13,D,BH,5,22,9,NA
L228D,2023-04-10,L2,28,D,BH,2,7,6.3,NA
L229D,2023-04-10,L2,29,D,BH,3,14,3.6,NA
L230D,2023-04-10,L2,30,D,TM2,3,4,34.2,NA
L233D,2023-04-10,L2,33,D,WL2,4,100,0.5,NA
L240D,2023-04-10,L2,40,D,BH,7,13,8.4,NA
L241D,2023-04-10,L2,41,D,BH,4,1,4.4,NA
D13A,2023-04-17,D1,3,A,WL2,4,11,1.5,Y
D226B,2023-04-17,D2,26,B,BH,5,15,7.9,NA
D229A,2023-04-17,D2,29,A,IH,7,3,8.1,NA
D230B,2023-04-17,D2,30,B,BH,4,3,8.1,NA
D231B,2023-04-17,D2,31,B,TM2,4,11,36.8,NA
D14D,2023-04-17,D1,4,D,YO7,8,1,2.6,NA
D117D,2023-04-17,D1,17,D,IH,7,12,5.6,NA
D119D,2023-04-17,D1,19,D,BH,5,9,3.3,NA
D224C,2023-04-17,D2,24,C,IH,4,11,6.8,NA
D229C,2023-04-17,D2,29,C,BH,4,13,6.8,NA
D229D,2023-04-17,D2,29,D,BH,2,9,7.1,NA
D235D,2023-04-17,D2,35,D,BH,3,6,10.2,NA
F14B,2023-04-17,F1,4,B,SQ3,3,4,0.6,NA
F15B,2023-04-17,F1,5,B,LVTR1,6,12,2.1,NA
F16A,2023-04-17,F1,6,A,CP2,4,4,1.7,NA
F16B,2023-04-17,F1,6,B,WL2,4,1,2.8,NA
F17B,2023-04-17,F1,7,B,IH,4,20,16.4,NA
F115A,2023-04-17,F1,15,A,BH,6,9,22.9,NA
F227B,2023-04-17,F2,27,B,WL2,3,13,2.7,NA
F229B,2023-04-17,F2,29,B,BH,4,5,8.2,NA
F240B,2023-04-17,F2,40,B,BH,5,12,8,NA
F14C,2023-04-17,F1,4,C,TM2,5,7,74.2,NA
F16C,2023-04-17,F1,6,C,DPR,6,9,16.1,NA
F235D,2023-04-17,F2,35,D,BH,2,1,7.3,NA
F240D,2023-04-17,F2,40,D,TM2,1,4,42.9,NA
H14B,2023-04-17,H1,4,B,BH,2,12,11.4,NA
H15A,2023-04-17,H1,5,A,SQ1,7,15,1.6,NA
H15B,2023-04-17,H1,5,B,SC,4,2,12.9,NA
H18B,2023-04-17,H1,8,B,BH,3,9,15.2,NA
H19A,2023-04-17,H1,9,A,WL1,6,8,3.8,NA
H110A,2023-04-17,H1,10,A,WL2,4,4,4.4,NA
H111B,2023-04-17,H1,11,B,CC,7,2,14.4,NA
H112B,2023-04-17,H1,12,B,FR,2,8,8.2,NA
H113B,2023-04-17,H1,13,B,CP2,3,3,4.1,NA
H114A,2023-04-17,H1,14,A,BH,5,3,13.1,NA
H115B,2023-04-17,H1,15,B,CC,3,3,32.6,NA
H116A,2023-04-17,H1,16,A,CC,4,10,15.1,NA
H117B,2023-04-17,H1,17,B,DPR,5,2,42.7,NA
H119A,2023-04-17,H1,19,A,TM2,5,1,66.3,NA
H120B,2023-04-17,H1,20,B,IH,1,9,6.8,NA
H224B,2023-04-17,H2,24,B,BH,5,29,19.2,NA
H225A,2023-04-17,H2,25,A,IH,4,5,12.2,NA
H229A,2023-04-17,H2,29,A,IH,7,14,10.1,NA
H233B,2023-04-17,H2,33,B,BH,4,7,6.2,NA
H236B,2023-04-17,H2,36,B,TM2,3,1,59.6,NA
H16C,2023-04-17,H1,6,C,TM2,1,5,47.4,NA
H110C,2023-04-17,H1,10,C,BH,6,11,18.3,NA
H110D,2023-04-17,H1,10,D,WL1,7,5,4.2,NA
H111D,2023-04-17,H1,11,D,WL1,4,4,3.3,Y
H112C,2023-04-17,H1,12,C,SQ1,2,5,2.1,NA
H114D,2023-04-17,H1,14,D,SC,5,3,7.7,NA
H115C,2023-04-17,H1,15,C,CP2,3,10,2.4,NA
H116D,2023-04-17,H1,16,D,IH,7,6,8.2,NA
H223C,2023-04-17,H2,23,C,BH,7,22,11.8,NA
H225C,2023-04-17,H2,25,C,DPR,2,6,36.2,NA
H230D,2023-04-17,H2,30,D,TM2,1,6,42.6,NA
H232C,2023-04-17,H2,32,C,SC,6,3,14.6,NA
J14B,2023-04-17,J1,4,B,BH,2,4,12.9,NA
J15B,2023-04-17,J1,5,B,TM2,3,10,43.5,NA
J16B,2023-04-17,J1,6,B,DPR,6,10,24.5,NA
J112B,2023-04-17,J1,12,B,CC,4,4,9,NA
J113A,2023-04-17,J1,13,A,SQ1,7,17,2.6,NA
J113B,2023-04-17,J1,13,B,IH,6,13,17.4,NA
J119B,2023-04-17,J1,19,B,BH,3,11,12,NA
J224B,2023-04-17,J2,24,B,IH,4,15,7.5,NA
J225A,2023-04-17,J2,25,A,SC,6,5,11.9,NA
J228B,2023-04-17,J2,28,B,WL2,3,4,2.5,NA
J229A,2023-04-17,J2,29,A,IH,4,7,8.4,NA
J231A,2023-04-17,J2,31,A,TM2,4,12,49.9,NA
J233A,2023-04-17,J2,33,A,BH,3,2,9,NA
J237B,2023-04-17,J2,37,B,BH,1,7,18.4,NA
J238A,2023-04-17,J2,38,A,SQ1,7,10,3.4,NA
J13D,2023-04-17,J1,3,D,CP2,1,6,6,NA
J19C,2023-04-17,J1,9,C,BH,5,30,9.8,NA
J110C,2023-04-17,J1,10,C,BH,3,1,13.4,NA
J113C,2023-04-17,J1,13,C,TM2,6,7,57.7,NA
J119C,2023-04-17,J1,19,C,BH,5,20,18.4,NA
J223D,2023-04-17,J2,23,D,BH,4,9,6.1,NA
J225D,2023-04-17,J2,25,D,BH,2,5,8.8,NA
J227D,2023-04-17,J2,27,D,IH,7,9,8.1,NA
J230C,2023-04-17,J2,30,C,BH,4,14,13.1,NA
J231D,2023-04-17,J2,31,D,BH,7,14,11.2,NA
J232D,2023-04-17,J2,32,D,BH,3,12,10.8,NA
L14A,2023-04-17,L1,4,A,SC,5,8,26.4,NA
L110A,2023-04-17,L1,10,A,BH,2,14,11.1,NA
L114B,2023-04-17,L1,14,B,YO7,8,3,4.9,NA
L115B,2023-04-17,L1,15,B,TM2,3,12,59.4,NA
L118A,2023-04-17,L1,18,A,TM2,7,11,62.4,NA
L230A,2023-04-17,L2,30,A,TM2,1,12,50.3,NA
L234B,2023-04-17,L2,34,B,TM2,5,8,51.3,NA
L235A,2023-04-17,L2,35,A,TM2,4,9,58.5,NA
L14D,2023-04-17,L1,4,D,BH,4,10,14.4,NA
L15D,2023-04-17,L1,5,D,WL1,1,11,3.9,NA
L113C,2023-04-17,L1,13,C,BH,3,13,16,NA
L113D,2023-04-17,L1,13,D,BH,5,22,12.4,NA
L228D,2023-04-17,L2,28,D,BH,2,7,7.1,NA
L229D,2023-04-17,L2,29,D,BH,3,14,5.6,NA
L230D,2023-04-17,L2,30,D,TM2,3,4,46.7,NA
L233D,2023-04-17,L2,33,D,WL2,4,100,1.6,NA
L240D,2023-04-17,L2,40,D,BH,7,13,11.8,NA
L241D,2023-04-17,L2,41,D,BH,4,1,6.9,NA
D226B,2023-04-24,D2,26,B,BH,5,15,15.9,NA
D229A,2023-04-24,D2,29,A,IH,7,3,8.1,NA
D230B,2023-04-24,D2,30,B,BH,4,3,12.6,NA
D231B,2023-04-24,D2,31,B,TM2,4,11,48.2,NA
D14D,2023-04-24,D1,4,D,YO7,8,1,3.7,NA
D117D,2023-04-24,D1,17,D,IH,7,12,4.9,Y
D119D,2023-04-24,D1,19,D,BH,5,9,2.1,N
D224C,2023-04-24,D2,24,C,IH,4,11,6.2,N
D229C,2023-04-24,D2,29,C,BH,4,13,8.1,NA
D229D,2023-04-24,D2,29,D,BH,2,9,10.9,NA
D235D,2023-04-24,D2,35,D,BH,3,6,16.3,NA
F14B,2023-04-24,F1,4,B,SQ3,3,4,0.7,N
F15B,2023-04-24,F1,5,B,LVTR1,6,12,1.4,Y
F16A,2023-04-24,F1,6,A,CP2,4,4,4.2,NA
F16B,2023-04-24,F1,6,B,WL2,4,1,3.2,NA
F17B,2023-04-24,F1,7,B,IH,4,20,16.5,NA
F115A,2023-04-24,F1,15,A,BH,6,9,33.1,NA
F227B,2023-04-24,F2,27,B,WL2,3,13,3.8,NA
F229B,2023-04-24,F2,29,B,BH,4,5,9.1,NA
F240B,2023-04-24,F2,40,B,BH,5,12,10.1,NA
F14C,2023-04-24,F1,4,C,TM2,5,7,76.5,NA
F16C,2023-04-24,F1,6,C,DPR,6,9,16,NA
F235D,2023-04-24,F2,35,D,BH,2,1,1.8,NA
F240D,2023-04-24,F2,40,D,TM2,1,4,35.8,NA
H14B,2023-04-24,H1,4,B,BH,2,12,14.9,NA
H15B,2023-04-24,H1,5,B,SC,4,2,19.9,NA
H18B,2023-04-24,H1,8,B,BH,3,9,21.4,NA
H110A,2023-04-24,H1,10,A,WL2,4,4,7.1,NA
H111B,2023-04-24,H1,11,B,CC,7,2,27.1,NA
H112B,2023-04-24,H1,12,B,FR,2,8,10.1,NA
H113B,2023-04-24,H1,13,B,CP2,3,3,5.5,NA
H114A,2023-04-24,H1,14,A,BH,5,3,17.5,NA
H115B,2023-04-24,H1,15,B,CC,3,3,37,NA
H116A,2023-04-24,H1,16,A,CC,4,10,15.9,NA
H117B,2023-04-24,H1,17,B,DPR,5,2,42.3,NA
H119A,2023-04-24,H1,19,A,TM2,5,1,67.8,NA
H224B,2023-04-24,H2,24,B,BH,5,29,28.3,NA
H225A,2023-04-24,H2,25,A,IH,4,5,11.3,NA
H229A,2023-04-24,H2,29,A,IH,7,14,10.4,NA
H233B,2023-04-24,H2,33,B,BH,4,7,13.7,NA
H236B,2023-04-24,H2,36,B,TM2,3,1,62.3,NA
H16C,2023-04-24,H1,6,C,TM2,1,5,48.7,NA
H110C,2023-04-24,H1,10,C,BH,6,11,24.4,NA
H110D,2023-04-24,H1,10,D,WL1,7,5,9.1,N
H111D,2023-04-24,H1,11,D,WL1,4,4,5.8,NA
H112C,2023-04-24,H1,12,C,SQ1,2,5,2.2,NA
H114D,2023-04-24,H1,14,D,SC,5,3,8.5,NA
H115C,2023-04-24,H1,15,C,CP2,3,10,2.1,NA
H116D,2023-04-24,H1,16,D,IH,7,6,7.9,NA
H223C,2023-04-24,H2,23,C,BH,7,22,12.2,NA
H225C,2023-04-24,H2,25,C,DPR,2,6,36.1,NA
H230D,2023-04-24,H2,30,D,TM2,1,6,44.1,NA
H232C,2023-04-24,H2,32,C,SC,6,3,27.3,NA
J14B,2023-04-24,J1,4,B,BH,2,4,5.2,NA
J15B,2023-04-24,J1,5,B,TM2,3,10,51.5,NA
J16B,2023-04-24,J1,6,B,DPR,6,10,26.7,NA
J113A,2023-04-24,J1,13,A,SQ1,7,17,3.6,Y
J113B,2023-04-24,J1,13,B,IH,6,13,19.4,NA
J119B,2023-04-24,J1,19,B,BH,3,11,11.9,NA
J224B,2023-04-24,J2,24,B,IH,4,15,7.6,NA
J225A,2023-04-24,J2,25,A,SC,6,5,12.7,NA
J228B,2023-04-24,J2,28,B,WL2,3,4,2.4,NA
J229A,2023-04-24,J2,29,A,IH,4,7,10.9,NA
J231A,2023-04-24,J2,31,A,TM2,4,12,58.4,NA
J233A,2023-04-24,J2,33,A,BH,3,2,7.9,NA
J237B,2023-04-24,J2,37,B,BH,1,7,25.3,NA
J13D,2023-04-24,J1,3,D,CP2,1,6,6.8,NA
J110C,2023-04-24,J1,10,C,BH,3,1,14.8,NA
J113C,2023-04-24,J1,13,C,TM2,6,7,62.6,NA
J119C,2023-04-24,J1,19,C,BH,5,20,28.3,NA
J223D,2023-04-24,J2,23,D,BH,4,9,8.4,NA
J225D,2023-04-24,J2,25,D,BH,2,5,14.1,NA
J227D,2023-04-24,J2,27,D,IH,7,9,12.4,NA
J230C,2023-04-24,J2,30,C,BH,4,14,15.3,NA
J231D,2023-04-24,J2,31,D,BH,7,14,10.6,NA
J232D,2023-04-24,J2,32,D,BH,3,12,19.2,NA
L14A,2023-04-24,L1,4,A,SC,5,8,29.7,NA
L110A,2023-04-24,L1,10,A,BH,2,14,14.4,NA
L115B,2023-04-24,L1,15,B,TM2,3,12,62.8,NA
L118A,2023-04-24,L1,18,A,TM2,7,11,63.2,NA
L230A,2023-04-24,L2,30,A,TM2,1,12,52.4,NA
L234B,2023-04-24,L2,34,B,TM2,5,8,48.1,NA
L235A,2023-04-24,L2,35,A,TM2,4,9,65.3,NA
L13C,2023-04-24,L1,3,C,SQ3,4,3,9.6,NA
L14D,2023-04-24,L1,4,D,BH,4,10,20.6,NA
L15D,2023-04-24,L1,5,D,WL1,1,11,3.8,NA
L113C,2023-04-24,L1,13,C,BH,3,13,27.7,NA
L113D,2023-04-24,L1,13,D,BH,5,22,17.5,NA
L228D,2023-04-24,L2,28,D,BH,2,7,6.9,N
L229D,2023-04-24,L2,29,D,BH,3,14,11.8,NA
L230D,2023-04-24,L2,30,D,TM2,3,4,46.1,NA
L233D,2023-04-24,L2,33,D,WL2,4,100,2.6,NA
L240D,2023-04-24,L2,40,D,BH,7,13,14.1,NA
L241D,2023-04-24,L2,41,D,BH,4,1,12.3,NA
D226B,2023-05-01,D2,26,B,BH,5,15,20.5,NA
D229A,2023-05-01,D2,29,A,IH,7,3,8.3,NA
D230B,2023-05-01,D2,30,B,BH,4,3,17.2,NA
D231B,2023-05-01,D2,31,B,TM2,4,11,53.5,NA
D14D,2023-05-01,D1,4,D,YO7,8,1,6.3,NA
D117D,2023-05-01,D1,17,D,IH,7,12,5,NA
D119D,2023-05-01,D1,19,D,BH,5,9,3.1,NA
D229C,2023-05-01,D2,29,C,BH,4,13,10.8,NA
D229D,2023-05-01,D2,29,D,BH,2,9,13.1,NA
D235D,2023-05-01,D2,35,D,BH,3,6,3.9,Y
F15B,2023-05-01,F1,5,B,LVTR1,6,12,1.1,N
F16A,2023-05-01,F1,6,A,CP2,4,4,4.5,N
F16B,2023-05-01,F1,6,B,WL2,4,1,2.2,N
F17B,2023-05-01,F1,7,B,IH,4,20,16.5,NA
F115A,2023-05-01,F1,15,A,BH,6,9,42.5,NA
F227B,2023-05-01,F2,27,B,WL2,3,13,4,NA
F229B,2023-05-01,F2,29,B,BH,4,5,12.5,NA
F240B,2023-05-01,F2,40,B,BH,5,12,16.5,NA
F14C,2023-05-01,F1,4,C,TM2,5,7,58.5,NA
F16C,2023-05-01,F1,6,C,DPR,6,9,17,NA
F235D,2023-05-01,F2,35,D,BH,2,1,10.2,NA
F240D,2023-05-01,F2,40,D,TM2,1,4,24,Y
H14B,2023-05-01,H1,4,B,BH,2,12,18.6,NA
H15B,2023-05-01,H1,5,B,SC,4,2,26.1,NA
H18B,2023-05-01,H1,8,B,BH,3,9,30.5,NA
H110A,2023-05-01,H1,10,A,WL2,4,4,10.1,NA
H111B,2023-05-01,H1,11,B,CC,7,2,15.5,NA
H112B,2023-05-01,H1,12,B,FR,2,8,13.1,NA
H113B,2023-05-01,H1,13,B,CP2,3,3,7.6,Y
H114A,2023-05-01,H1,14,A,BH,5,3,19.5,NA
H115B,2023-05-01,H1,15,B,CC,3,3,34.7,NA
H116A,2023-05-01,H1,16,A,CC,4,10,13.5,NA
H117B,2023-05-01,H1,17,B,DPR,5,2,42.4,NA
H119A,2023-05-01,H1,19,A,TM2,5,1,66.8,NA
H224B,2023-05-01,H2,24,B,BH,5,29,38.4,Y
H225A,2023-05-01,H2,25,A,IH,4,5,12.4,NA
H229A,2023-05-01,H2,29,A,IH,7,14,12.4,NA
H233B,2023-05-01,H2,33,B,BH,4,7,19.1,NA
H236B,2023-05-01,H2,36,B,TM2,3,1,62.8,NA
H16C,2023-05-01,H1,6,C,TM2,1,5,46.7,NA
H110C,2023-05-01,H1,10,C,BH,6,11,29.9,NA
H110D,2023-05-01,H1,10,D,WL1,7,5,9.1,NA
H111D,2023-05-01,H1,11,D,WL1,4,4,5.1,NA
H112C,2023-05-01,H1,12,C,SQ1,2,5,2.7,NA
H114D,2023-05-01,H1,14,D,SC,5,3,10.5,NA
H115C,2023-05-01,H1,15,C,CP2,3,10,3.9,NA
H116D,2023-05-01,H1,16,D,IH,7,6,8.1,NA
H223C,2023-05-01,H2,23,C,BH,7,22,12.1,NA
H230D,2023-05-01,H2,30,D,TM2,1,6,41.9,NA
H232C,2023-05-01,H2,32,C,SC,6,3,39.8,NA
J14B,2023-05-01,J1,4,B,BH,2,4,11.5,NA
J15B,2023-05-01,J1,5,B,TM2,3,10,53,NA
J16B,2023-05-01,J1,6,B,DPR,6,10,23.5,NA
J113A,2023-05-01,J1,13,A,SQ1,7,17,4.8,NA
J113B,2023-05-01,J1,13,B,IH,6,13,21.5,NA
J119B,2023-05-01,J1,19,B,BH,3,11,18.4,NA
J224B,2023-05-01,J2,24,B,IH,4,15,7.7,NA
J225A,2023-05-01,J2,25,A,SC,6,5,17.2,NA
J228B,2023-05-01,J2,28,B,WL2,3,4,10.5,NA
J229A,2023-05-01,J2,29,A,IH,4,7,10.9,NA
J231A,2023-05-01,J2,31,A,TM2,4,12,77,NA
J233A,2023-05-01,J2,33,A,BH,3,2,9.5,NA
J237B,2023-05-01,J2,37,B,BH,1,7,33,NA
J13D,2023-05-01,J1,3,D,CP2,1,6,11,NA
J110C,2023-05-01,J1,10,C,BH,3,1,31.5,NA
J113C,2023-05-01,J1,13,C,TM2,6,7,61,NA
J119C,2023-05-01,J1,19,C,BH,5,20,44.3,NA
J223D,2023-05-01,J2,23,D,BH,4,9,10.2,NA
J225D,2023-05-01,J2,25,D,BH,2,5,17,NA
J227D,2023-05-01,J2,27,D,IH,7,9,15.5,NA
J230C,2023-05-01,J2,30,C,BH,4,14,23.5,NA
J231D,2023-05-01,J2,31,D,BH,7,14,10.5,NA
J232D,2023-05-01,J2,32,D,BH,3,12,23.5,NA
L14A,2023-05-01,L1,4,A,SC,5,8,28.7,NA
L110A,2023-05-01,L1,10,A,BH,2,14,21,NA
L114B,2023-05-01,L1,14,B,YO7,8,3,7.8,NA
L230A,2023-05-01,L2,30,A,TM2,1,12,47.4,NA
L234B,2023-05-01,L2,34,B,TM2,5,8,47.1,NA
L235A,2023-05-01,L2,35,A,TM2,4,9,65.3,NA
L13C,2023-05-01,L1,3,C,SQ3,4,3,5.1,NA
L14D,2023-05-01,L1,4,D,BH,4,10,24.7,NA
L15D,2023-05-01,L1,5,D,WL1,1,11,4.5,NA
L113C,2023-05-01,L1,13,C,BH,3,13,50.6,NA
L113D,2023-05-01,L1,13,D,BH,5,22,21.1,NA
L228D,2023-05-01,L2,28,D,BH,2,7,7.5,NA
L229D,2023-05-01,L2,29,D,BH,3,14,16.5,NA
L230D,2023-05-01,L2,30,D,TM2,3,4,45.2,NA
L233D,2023-05-01,L2,33,D,WL2,4,100,3.5,NA
L240D,2023-05-01,L2,40,D,BH,7,13,15,NA
L241D,2023-05-01,L2,41,D,BH,4,1,16.5,NA
D226B,2023-05-08,D2,26,B,BH,5,15,23.1,NA
D230B,2023-05-08,D2,30,B,BH,4,3,22.1,NA
D231B,2023-05-08,D2,31,B,TM2,4,11,57.2,NA
D14D,2023-05-08,D1,4,D,YO7,8,1,6.6,NA
D117D,2023-05-08,D1,17,D,IH,7,12,5.2,NA
D119D,2023-05-08,D1,19,D,BH,5,9,3.1,NA
D229C,2023-05-08,D2,29,C,BH,4,13,13.3,NA
D229D,2023-05-08,D2,29,D,BH,2,9,15.8,NA
D235D,2023-05-08,D2,35,D,BH,3,6,35.2,NA
F115A,2023-05-08,F1,15,A,BH,6,9,51.3,NA
F227B,2023-05-08,F2,27,B,WL2,3,13,3.3,NA
F229B,2023-05-08,F2,29,B,BH,4,5,14.6,NA
F240B,2023-05-08,F2,40,B,BH,5,12,18.7,NA
F14C,2023-05-08,F1,4,C,TM2,5,7,73.6,NA
F235D,2023-05-08,F2,35,D,BH,2,1,12.2,NA
F240D,2023-05-08,F2,40,D,TM2,1,4,26.5,NA
H14B,2023-05-08,H1,4,B,BH,2,12,20.8,NA
H15B,2023-05-08,H1,5,B,SC,4,2,33.5,NA
H18B,2023-05-08,H1,8,B,BH,3,9,36.1,NA
H110A,2023-05-08,H1,10,A,WL2,4,4,11.5,NA
H112B,2023-05-08,H1,12,B,FR,2,8,17.6,NA
H113B,2023-05-08,H1,13,B,CP2,3,3,6.7,NA
H114A,2023-05-08,H1,14,A,BH,5,3,21.6,NA
H116A,2023-05-08,H1,16,A,CC,4,10,15.1,NA
H117B,2023-05-08,H1,17,B,DPR,5,2,42.2,NA
H119A,2023-05-08,H1,19,A,TM2,5,1,69.1,NA
H224B,2023-05-08,H2,24,B,BH,5,29,48.3,NA
H225A,2023-05-08,H2,25,A,IH,4,5,10.1,NA
H229A,2023-05-08,H2,29,A,IH,7,14,12.5,NA
H233B,2023-05-08,H2,33,B,BH,4,7,20.8,NA
H236B,2023-05-08,H2,36,B,TM2,3,1,62.6,NA
H16C,2023-05-08,H1,6,C,TM2,1,5,50.3,N
H110C,2023-05-08,H1,10,C,BH,6,11,34,NA
H110D,2023-05-08,H1,10,D,WL1,7,5,8.4,N
H111D,2023-05-08,H1,11,D,WL1,4,4,5.1,N
H112C,2023-05-08,H1,12,C,SQ1,2,5,3.2,N
H114D,2023-05-08,H1,14,D,SC,5,3,11,NA
H115C,2023-05-08,H1,15,C,CP2,3,10,4.9,NA
H116D,2023-05-08,H1,16,D,IH,7,6,7.6,NA
H223C,2023-05-08,H2,23,C,BH,7,22,12.1,NA
H230D,2023-05-08,H2,30,D,TM2,1,6,43.1,NA
H232C,2023-05-08,H2,32,C,SC,6,3,57.4,NA
J14B,2023-05-08,J1,4,B,BH,2,4,4.4,NA
J15B,2023-05-08,J1,5,B,TM2,3,10,53,NA
J113B,2023-05-08,J1,13,B,IH,6,13,22.8,NA
J119B,2023-05-08,J1,19,B,BH,3,11,18.6,NA
J224B,2023-05-08,J2,24,B,IH,4,15,5.5,NA
J225A,2023-05-08,J2,25,A,SC,6,5,17,NA
J228B,2023-05-08,J2,28,B,WL2,3,4,12.5,NA
J229A,2023-05-08,J2,29,A,IH,4,7,9,NA
J231A,2023-05-08,J2,31,A,TM2,4,12,80,NA
J233A,2023-05-08,J2,33,A,BH,3,2,5.7,NA
J237B,2023-05-08,J2,37,B,BH,1,7,39.2,NA
J13D,2023-05-08,J1,3,D,CP2,1,6,10.6,NA
J110C,2023-05-08,J1,10,C,BH,3,1,33.1,NA
J113C,2023-05-08,J1,13,C,TM2,6,7,57,NA
J119C,2023-05-08,J1,19,C,BH,5,20,60.5,NA
J223D,2023-05-08,J2,23,D,BH,4,9,13.2,NA
J225D,2023-05-08,J2,25,D,BH,2,5,20.4,NA
J227D,2023-05-08,J2,27,D,IH,7,9,15.4,NA
J230C,2023-05-08,J2,30,C,BH,4,14,24.6,NA
J231D,2023-05-08,J2,31,D,BH,7,14,8.9,NA
J232D,2023-05-08,J2,32,D,BH,3,12,24,NA
L14A,2023-05-08,L1,4,A,SC,5,8,27.5,N
L110A,2023-05-08,L1,10,A,BH,2,14,23.3,NA
L114B,2023-05-08,L1,14,B,YO7,8,3,7,NA
L234B,2023-05-08,L2,34,B,TM2,5,8,43,NA
L235A,2023-05-08,L2,35,A,TM2,4,9,67.1,NA
L13C,2023-05-08,L1,3,C,SQ3,4,3,8.8,NA
L14D,2023-05-08,L1,4,D,BH,4,10,27.3,NA
L15D,2023-05-08,L1,5,D,WL1,1,11,3.7,NA
L113C,2023-05-08,L1,13,C,BH,3,13,65.9,NA
L113D,2023-05-08,L1,13,D,BH,5,22,21.2,NA
L228D,2023-05-08,L2,28,D,BH,2,7,5,NA
L229D,2023-05-08,L2,29,D,BH,3,14,17.8,NA
L230D,2023-05-08,L2,30,D,TM2,3,4,45.7,NA
L233D,2023-05-08,L2,33,D,WL2,4,100,1,NA
L240D,2023-05-08,L2,40,D,BH,7,13,14.1,NA
L241D,2023-05-08,L2,41,D,BH,4,1,11.5,NA
D226B,2023-06-05,D2,26,B,BH,5,15,77.4,NA
D230B,2023-06-05,D2,30,B,BH,4,3,52.1,NA
D231B,2023-06-05,D2,31,B,TM2,4,11,62.8,Y
D14D,2023-06-05,D1,4,D,YO7,8,1,8.8,NA
D229C,2023-06-05,D2,29,C,BH,4,13,23.7,NA
D229D,2023-06-05,D2,29,D,BH,2,9,34.5,NA
D235D,2023-06-05,D2,35,D,BH,3,6,80.5,NA
F115A,2023-06-05,F1,15,A,BH,6,9,88.9,NA
F227B,2023-06-05,F2,27,B,WL2,3,13,6.5,NA
F229B,2023-06-05,F2,29,B,BH,4,5,26.3,NA
F240B,2023-06-05,F2,40,B,BH,5,12,47,NA
F14C,2023-06-05,F1,4,C,TM2,5,7,52.2,NA
F235D,2023-06-05,F2,35,D,BH,2,1,37.5,NA
H14B,2023-06-05,H1,4,B,BH,2,12,28.2,NA
H15B,2023-06-05,H1,5,B,SC,4,2,30.3,NA
H18B,2023-06-05,H1,8,B,BH,3,9,76.1,NA
H110A,2023-06-05,H1,10,A,WL2,4,4,20.8,NA
H114A,2023-06-05,H1,14,A,BH,5,3,19.9,NA
H224B,2023-06-05,H2,24,B,BH,5,29,70.8,NA
H229A,2023-06-05,H2,29,A,IH,7,14,15.7,NA
H233B,2023-06-05,H2,33,B,BH,4,7,21.1,NA
H236B,2023-06-05,H2,36,B,TM2,3,1,61.5,NA
H110C,2023-06-05,H1,10,C,BH,6,11,44.8,NA
H114D,2023-06-05,H1,14,D,SC,5,3,20.1,NA
H115C,2023-06-05,H1,15,C,CP2,3,10,31.8,NA
H232C,2023-06-05,H2,32,C,SC,6,3,50.2,NA
J15B,2023-06-05,J1,5,B,TM2,3,10,39,NA
J113B,2023-06-05,J1,13,B,IH,6,13,26.2,NA
J119B,2023-06-05,J1,19,B,BH,3,11,31.9,NA
J225A,2023-06-05,J2,25,A,SC,6,5,18.5,NA
J228B,2023-06-05,J2,28,B,WL2,3,4,15.1,NA
J229A,2023-06-05,J2,29,A,IH,4,7,6.5,NA
J231A,2023-06-05,J2,31,A,TM2,4,12,68.4,NA
J237B,2023-06-05,J2,37,B,BH,1,7,39.9,NA
J13D,2023-06-05,J1,3,D,CP2,1,6,13,NA
J110C,2023-06-05,J1,10,C,BH,3,1,70,NA
J113C,2023-06-05,J1,13,C,TM2,6,7,56.8,NA
J119C,2023-06-05,J1,19,C,BH,5,20,102.4,NA
J223D,2023-06-05,J2,23,D,BH,4,9,51.4,NA
J225D,2023-06-05,J2,25,D,BH,2,5,71,NA
J227D,2023-06-05,J2,27,D,IH,7,9,16.7,NA
J230C,2023-06-05,J2,30,C,BH,4,14,32.3,NA
J232D,2023-06-05,J2,32,D,BH,3,12,27.8,NA
L110A,2023-06-05,L1,10,A,BH,2,14,61.7,NA
L114B,2023-06-05,L1,14,B,YO7,8,3,7,NA
L235A,2023-06-05,L2,35,A,TM2,4,9,64.7,NA
L13C,2023-06-05,L1,3,C,SQ3,4,3,36.9,NA
L14D,2023-06-05,L1,4,D,BH,4,10,77.6,NA
L15D,2023-06-05,L1,5,D,WL1,1,11,9.4,NA
L113C,2023-06-05,L1,13,C,BH,3,13,120.6,NA
L113D,2023-06-05,L1,13,D,BH,5,22,58.9,NA
L229D,2023-06-05,L2,29,D,BH,3,14,31.4,NA
L233D,2023-06-05,L2,33,D,WL2,4,100,6.2,NA
L240D,2023-06-05,L2,40,D,BH,7,13,19.7,NA
L241D,2023-06-05,L2,41,D,BH,4,1,49.4,NA
D226B,2023-07-03,D2,26,B,BH,5,15,67.4,NA
D230B,2023-07-03,D2,30,B,BH,4,3,76.3,NA
D229C,2023-07-03,D2,29,C,BH,4,13,26.9,NA
D229D,2023-07-03,D2,29,D,BH,2,9,42.7,NA
D235D,2023-07-03,D2,35,D,BH,3,6,83.2,NA
F115A,2023-07-03,F1,15,A,BH,6,9,110.4,NA
F227B,2023-07-03,F2,27,B,WL2,3,13,8.2,NA
F229B,2023-07-03,F2,29,B,BH,4,5,34.3,NA
F240B,2023-07-03,F2,40,B,BH,5,12,70.9,NA
F235D,2023-07-03,F2,35,D,BH,2,1,67.8,NA
H18B,2023-07-03,H1,8,B,BH,3,9,81.6,NA
H110A,2023-07-03,H1,10,A,WL2,4,4,29.4,NA
H114A,2023-07-03,H1,14,A,BH,5,3,18.7,NA
H224B,2023-07-03,H2,24,B,BH,5,29,69,NA
H229A,2023-07-03,H2,29,A,IH,7,14,16.1,NA
H233B,2023-07-03,H2,33,B,BH,4,7,18,NA
H110C,2023-07-03,H1,10,C,BH,6,11,45.1,NA
H114D,2023-07-03,H1,14,D,SC,5,3,23.5,NA
H115C,2023-07-03,H1,15,C,CP2,3,10,31.6,NA
J113B,2023-07-03,J1,13,B,IH,6,13,26.8,NA
J119B,2023-07-03,J1,19,B,BH,3,11,32.1,NA
J225A,2023-07-03,J2,25,A,SC,6,5,19.6,NA
J228B,2023-07-03,J2,28,B,WL2,3,4,15.3,NA
J229A,2023-07-03,J2,29,A,IH,4,7,7.3,NA
J13D,2023-07-03,J1,3,D,CP2,1,6,14.8,NA
J110C,2023-07-03,J1,10,C,BH,3,1,67,NA
J119C,2023-07-03,J1,19,C,BH,5,20,101,NA
J223D,2023-07-03,J2,23,D,BH,4,9,49,NA
J225D,2023-07-03,J2,25,D,BH,2,5,82,NA
J227D,2023-07-03,J2,27,D,IH,7,9,16,NA
J230C,2023-07-03,J2,30,C,BH,4,14,35,NA
J232D,2023-07-03,J2,32,D,BH,3,12,29,NA
L110A,2023-07-03,L1,10,A,BH,2,14,89.5,NA
L13C,2023-07-03,L1,3,C,SQ3,4,3,36.5,NA
L14D,2023-07-03,L1,4,D,BH,4,10,92.5,NA
L15D,2023-07-03,L1,5,D,WL1,1,11,11.5,NA
L113C,2023-07-03,L1,13,C,BH,3,13,82,NA
L113D,2023-07-03,L1,13,D,BH,5,22,113,NA
L229D,2023-07-03,L2,29,D,BH,3,14,28,NA
L233D,2023-07-03,L2,33,D,WL2,4,100,10.5,NA
L240D,2023-07-03,L2,40,D,BH,7,13,17,NA
L241D,2023-07-03,L2,41,D,BH,4,1,67.5,NA
D226B,2023-07-10,D2,26,B,BH,5,15,70,NA
D230B,2023-07-10,D2,30,B,BH,4,3,73,NA
D229C,2023-07-10,D2,29,C,BH,4,13,26.5,NA
D229D,2023-07-10,D2,29,D,BH,2,9,43,NA
D235D,2023-07-10,D2,35,D,BH,3,6,85.8,NA
F115A,2023-07-10,F1,15,A,BH,6,9,113.2,NA
F227B,2023-07-10,F2,27,B,WL2,3,13,8.5,NA
F229B,2023-07-10,F2,29,B,BH,4,5,33.2,NA
F240B,2023-07-10,F2,40,B,BH,5,12,71.6,NA
F235D,2023-07-10,F2,35,D,BH,2,1,68.1,NA
H18B,2023-07-10,H1,8,B,BH,3,9,82.2,NA
H110A,2023-07-10,H1,10,A,WL2,4,4,28.9,NA
H224B,2023-07-10,H2,24,B,BH,5,29,68.1,NA
H229A,2023-07-10,H2,29,A,IH,7,14,16.1,NA
H233B,2023-07-10,H2,33,B,BH,4,7,23.5,NA
H114D,2023-07-10,H1,14,D,SC,5,3,22,NA
H115C,2023-07-10,H1,15,C,CP2,3,10,25.9,NA
J113B,2023-07-10,J1,13,B,IH,6,13,31.5,NA
J225A,2023-07-10,J2,25,A,SC,6,5,21.6,NA
J228B,2023-07-10,J2,28,B,WL2,3,4,15.6,NA
J229A,2023-07-10,J2,29,A,IH,4,7,9.8,NA
J223D,2023-07-10,J2,23,D,BH,4,9,49.6,NA
J225D,2023-07-10,J2,25,D,BH,2,5,77,NA
J230C,2023-07-10,J2,30,C,BH,4,14,35.1,NA
J232D,2023-07-10,J2,32,D,BH,3,12,30.5,NA
L110A,2023-07-10,L1,10,A,BH,2,14,89.4,NA
L14D,2023-07-10,L1,4,D,BH,4,10,95.6,NA
L15D,2023-07-10,L1,5,D,WL1,1,11,11.2,NA
L113C,2023-07-10,L1,13,C,BH,3,13,130,NA
L113D,2023-07-10,L1,13,D,BH,5,22,96.1,NA
L233D,2023-07-10,L2,33,D,WL2,4,100,11,NA
L240D,2023-07-10,L2,40,D,BH,7,13,20.1,NA
L241D,2023-07-10,L2,41,D,BH,4,1,68.4,NA
D226B,2023-07-17,D2,26,B,BH,5,15,68.2,NA
D230B,2023-07-17,D2,30,B,BH,4,3,77.8,NA
D229C,2023-07-17,D2,29,C,BH,4,13,25.7,NA
D229D,2023-07-17,D2,29,D,BH,2,9,44.2,NA
D235D,2023-07-17,D2,35,D,BH,3,6,83.6,NA
F115A,2023-07-17,F1,15,A,BH,6,9,113.2,NA
F227B,2023-07-17,F2,27,B,WL2,3,13,8.3,NA
F229B,2023-07-17,F2,29,B,BH,4,5,34.3,NA
F240B,2023-07-17,F2,40,B,BH,5,12,76.3,NA
F235D,2023-07-17,F2,35,D,BH,2,1,68.8,NA
H18B,2023-07-17,H1,8,B,BH,3,9,83.7,NA
H224B,2023-07-17,H2,24,B,BH,5,29,70.3,NA
H229A,2023-07-17,H2,29,A,IH,7,14,16.4,NA
H233B,2023-07-17,H2,33,B,BH,4,7,22.9,NA
H114D,2023-07-17,H1,14,D,SC,5,3,22.6,NA
H115C,2023-07-17,H1,15,C,CP2,3,10,27.3,NA
J113B,2023-07-17,J1,13,B,IH,6,13,30.1,NA
J225A,2023-07-17,J2,25,A,SC,6,5,21.4,NA
J229A,2023-07-17,J2,29,A,IH,4,7,6.4,NA
J223D,2023-07-17,J2,23,D,BH,4,9,50.8,NA
J225D,2023-07-17,J2,25,D,BH,2,5,83.5,NA
J230C,2023-07-17,J2,30,C,BH,4,14,41.6,NA
J232D,2023-07-17,J2,32,D,BH,3,12,30.7,NA
L110A,2023-07-17,L1,10,A,BH,2,14,90,NA
L14D,2023-07-17,L1,4,D,BH,4,10,73.2,NA
L113C,2023-07-17,L1,13,C,BH,3,13,107.6,NA
L233D,2023-07-17,L2,33,D,WL2,4,100,14.2,NA
L241D,2023-07-17,L2,41,D,BH,4,1,37.4,NA
D226B,2023-07-24,D2,26,B,BH,5,15,68.8,NA
D230B,2023-07-24,D2,30,B,BH,4,3,79.3,NA
D229C,2023-07-24,D2,29,C,BH,4,13,26.4,NA
D229D,2023-07-24,D2,29,D,BH,2,9,44.8,NA
D235D,2023-07-24,D2,35,D,BH,3,6,86,NA
F115A,2023-07-24,F1,15,A,BH,6,9,109.9,NA
F229B,2023-07-24,F2,29,B,BH,4,5,36.2,NA
F240B,2023-07-24,F2,40,B,BH,5,12,75.1,NA
F235D,2023-07-24,F2,35,D,BH,2,1,69.3,NA
H18B,2023-07-24,H1,8,B,BH,3,9,81.7,NA
H224B,2023-07-24,H2,24,B,BH,5,29,68.5,NA
H229A,2023-07-24,H2,29,A,IH,7,14,17.2,NA
H233B,2023-07-24,H2,33,B,BH,4,7,22.8,NA
H114D,2023-07-24,H1,14,D,SC,5,3,23.3,NA
H115C,2023-07-24,H1,15,C,CP2,3,10,32.3,NA
J113B,2023-07-24,J1,13,B,IH,6,13,31.2,NA
J225A,2023-07-24,J2,25,A,SC,6,5,19.9,NA
J225D,2023-07-24,J2,25,D,BH,2,5,81.5,NA
J230C,2023-07-24,J2,30,C,BH,4,14,32.8,NA
J232D,2023-07-24,J2,32,D,BH,3,12,30.2,NA
L110A,2023-07-24,L1,10,A,BH,2,14,91.2,NA
L14D,2023-07-24,L1,4,D,BH,4,10,93.3,NA
L113C,2023-07-24,L1,13,C,BH,3,13,89.8,NA
L113D,2023-07-24,L1,13,D,BH,5,22,112.1,NA
L241D,2023-07-24,L2,41,D,BH,4,1,69.6,NA
